{"ABBOTTS BABBLER": ["Thailand", "Cambodia", "Vietnam", "Laos", "Myanmar", "China"], "ABBOTTS BOOBY": ["Australia", "Christmas Island", "Cocos (Keeling) Islands"], "ABYSSINIAN GROUND HORNBILL": ["Burundi", "Democratic Republic of the Congo", "Ethiopia", "Kenya", "Rwanda", "South Sudan", "Tanzania", "Uganda"], "AFRICAN CROWNED CRANE": ["Angola", "Burundi", "Cameroon", "Central African Republic", "Democratic Republic of the Congo", "Ethiopia", "Kenya", "Malawi", "Mozambique", "Rwanda", "South Sudan", "Sudan", "Tanzania", "Uganda", "Zambia", "Zimbabwe"], "AFRICAN EMERALD CUCKOO": ["Angola", "Botswana", "Burundi", "Democratic Republic of the Congo", "Gabon", "Kenya", "Malawi", "Mozambique", "Namibia", "Rwanda", "South Africa", "South Sudan", "Swaziland", "Tanzania", "Uganda", "Zambia", "Zimbabwe"], "AFRICAN FIREFINCH": ["Angola", "Botswana", "Burundi", "Democratic Republic of the Congo", "Kenya", "Malawi", "Mozambique", "Rwanda", "South Africa", "South Sudan", "Swaziland", "Tanzania", "Uganda", "Zambia", "Zimbabwe"], "AFRICAN OYSTER CATCHER": ["Angola", "Namibia", "South Africa"], "AFRICAN PIED HORNBILL": ["Angola", "Botswana", "Burundi", "Democratic Republic of the Congo", "Kenya", "Malawi", "Mozambique", "Rwanda", "South Africa", "South Sudan", "Swaziland", "Tanzania", "Uganda", "Zambia", "Zimbabwe"], "AFRICAN PYGMY GOOSE": ["Angola", "Botswana", "Burundi", "Democratic Republic of the Congo", "Kenya", "Malawi", "Mozambique", "Rwanda", "South Africa", "South Sudan", "Swaziland", "Tanzania", "Uganda", "Zambia", "Zimbabwe"], "ALBATROSS": ["Argentina", "Australia", "Chile", "France", "New Zealand", "South Africa", "United Kingdom", "United States"], "ALBERTS TOWHEE": ["Mexico", "United States"], "ALEXANDRINE PARAKEET": ["Bangladesh", "India", "Laos", "Myanmar", "Pakistan", "Sri Lanka", "Thailand"], "ALPINE CHOUGH": ["Afghanistan", "Bhutan", "China", "France", "India", "Iran", "Italy", "Kazakhstan", "Kyrgyzstan", "Nepal", "Pakistan", "Spain", "Switzerland", "Tajikistan", "Turkmenistan", "Uzbekistan"], "ALTAMIRA YELLOWTHROAT": ["Belize", "Costa Rica", "Guatemala", "Honduras", "Mexico", "Nicaragua", "Panama", "United States"], "AMERICAN AVOCET": ["Canada", "Mexico", "United States"], "AMERICAN BITTERN": ["Canada", "Mexico", "United States"], "AMERICAN COOT": ["Canada", "Mexico", "United States"], "AMERICAN DIPPER": ["Canada", "Mexico", "United States"], "AMERICAN FLAMINGO": ["Bahamas", "Bonaire, Sint Eustatius and Saba", "Cayman Islands", "Colombia", "Cuba", "Dominican Republic", "French Guiana", "Guadeloupe", "Jamaica", "Mexico", "Netherlands Antilles", "Suriname", "Trinidad and Tobago", "United States", "Venezuela"], "AMERICAN GOLDFINCH": ["Canada", "Mexico", "United States"], "AMERICAN KESTREL": ["Canada", "Mexico", "United States"], "AMERICAN PIPIT": ["Canada", "Mexico", "United States"], "AMERICAN REDSTART": ["Canada", "Mexico", "United States"], "AMERICAN ROBIN": ["Canada", "Mexico", "United States"], "AMERICAN WIGEON": ["Canada", "Mexico", "United States"], "AMETHYST WOODSTAR": ["Argentina", "Bolivia", "Brazil", "Colombia", "Ecuador", "French Guiana", "Guyana", "Paraguay", "Peru", "Suriname", "Trinidad and Tobago", "Venezuela"], "ANDEAN GOOSE": ["Argentina", "Bolivia", "Chile", "Colombia", "Ecuador", "Peru"], "ANDEAN LAPWING": ["Argentina", "Bolivia", "Chile", "Colombia", "Ecuador", "Peru"], "ANDEAN SISKIN": ["Argentina", "Bolivia", "Chile", "Colombia", "Ecuador", "Peru"], "ANHINGA": ["Argentina", "Bolivia", "Brazil", "Colombia", "Costa Rica", "Ecuador", "El Salvador", "French Guiana", "Guatemala", "Guyana", "Honduras", "Mexico", "Nicaragua", "Panama", "Paraguay", "Peru", "Suriname", "Trinidad and Tobago", "United States", "Venezuela"], "ANIANIAU": ["Hawaii"], "ANNAS HUMMINGBIRD": ["Mexico", "United States"], "ANTBIRD": ["Argentina", "Bolivia", "Brazil", "Colombia", "Ecuador", "French Guiana", "Guyana", "Paraguay", "Peru", "Suriname", "Trinidad and Tobago", "Venezuela"], "ANTILLEAN EUPHONIA": ["Antigua and Barbuda", "Barbados", "Dominica", "Dominican Republic", "Grenada", "Guadeloupe", "Haiti", "Jamaica", "Martinique", "Montserrat", "Saint Kitts and Nevis", "Saint Lucia", "Saint Vincent and the Grenadines", "Trinidad and Tobago"], "APAPANE": ["Hawaii"], "APOSTLEBIRD": ["Australia"], "ARARIPE MANAKIN": ["Brazil"], "ASHY STORM PETREL": ["Argentina", "Chile", "Ecuador", "Peru"], "ASHY THRUSHBIRD": ["Argentina", "Bolivia", "Chile", "Colombia", "Ecuador", "Peru"], "ASIAN CRESTED IBIS": ["China", "North Korea", "Russia", "South Korea"], "ASIAN DOLLARD BIRD": ["Bhutan", "China", "India", "Laos", "Myanmar", "Nepal", "Thailand", "Vietnam"], "ASIAN GREEN BEE EATER": ["Afghanistan", "Bangladesh", "Bhutan", "China", "India", "Indonesia", "Laos", "Malaysia", "Myanmar", "Nepal", "Pakistan", "Sri Lanka", "Thailand", "Vietnam"], "ASIAN OPENBILL STORK": ["Bangladesh", "Bhutan", "Brunei", "Cambodia", "China", "India", "Indonesia", "Laos", "Malaysia", "Myanmar", "Nepal", "Pakistan", "Philippines", "Sri Lanka", "Thailand", "Vietnam"], "AUCKLAND SHAQ": ["New Zealand"], "AUSTRAL CANASTERO": ["Argentina", "Bolivia", "Chile"], "AUSTRALASIAN FIGBIRD": ["Australia", "Indonesia", "New Guinea"], "AVADAVAT": ["Bangladesh", "Bhutan", "Cambodia", "China", "India", "Laos", "Myanmar", "Nepal", "Pakistan", "Thailand", "Vietnam"], "AZARAS SPINETAIL": ["Argentina", "Bolivia", "Brazil", "Chile", "Paraguay", "Peru", "Uruguay"], "AZURE BREASTED PITTA": ["Australia", "Indonesia", "Papua New Guinea"], "AZURE JAY": ["Colombia", "Ecuador", "Panama"], "AZURE TANAGER": ["Brazil", "Colombia", "Ecuador", "Peru", "Venezuela"], "AZURE TIT": ["Austria", "Czech Republic", "France", "Germany", "Italy", "Liechtenstein", "Poland", "Slovakia", "Slovenia", "Switzerland"], "BAIKAL TEAL": ["China", "Japan", "Korea", "Mongolia", "Russia"], "BALD EAGLE": ["Canada", "Mexico", "United States"], "BALD IBIS": ["Algeria", "Morocco", "Saudi Arabia", "Turkey"], "BALI STARLING": ["Indonesia"], "BALTIMORE ORIOLE": ["Canada", "Mexico", "United States"], "BANANAQUIT": ["Bahamas", "Barbados", "Belize", "Bermuda", "Brazil", "Colombia", "Costa Rica", "Cuba", "Dominica", "Dominican Republic", "Ecuador", "French Guiana", "Grenada", "Guadeloupe", "Guyana", "Haiti", "Honduras", "Jamaica", "Martinique", "Mexico", "Netherlands Antilles", "Nicaragua", "Panama", "Peru", "Puerto Rico", "Saint Kitts and Nevis", "Saint Lucia", "Saint Vincent and the Grenadines", "Suriname", "Trinidad and Tobago", "United States", "Venezuela", "Virgin Islands (U.S.)"], "BAND TAILED GUAN": ["Bolivia", "Colombia", "Costa Rica", "Ecuador", "Honduras", "Mexico", "Nicaragua", "Panama", "Peru", "Venezuela"], "BANDED BROADBILL": ["Bangladesh", "Brunei Darussalam", "Cambodia", "Indonesia", "Laos", "Malaysia", "Myanmar", "Thailand", "Vietnam"], "BANDED PITA": ["Indonesia", "Papua New Guinea"], "BANDED STILT": ["Argentina", "Australia", "Brazil", "Canada", "Chile", "Colombia", "Costa Rica", "Cuba", "Dominican Republic", "Ecuador", "El Salvador", "Guatemala", "Haiti", "Honduras", "India", "Indonesia", "Jamaica", "Madagascar", "Mexico", "Nicaragua", "Panama", "Paraguay", "Peru", "Philippines", "Puerto Rico", "South Africa", "Sri Lanka", "Trinidad and Tobago", "United States", "Uruguay", "Venezuela"], "BAR-TAILED GODWIT": ["Australia", "China", "Indonesia", "Japan", "Korea", "Mongolia", "New Zealand", "Philippines", "Russia", "Taiwan"], "BARN OWL": ["Africa", "Asia", "Australia", "Europe", "North America", "South America"], "BARN SWALLOW": ["Africa", "Asia", "Australia", "Europe", "North America", "South America"], "BARRED PUFFBIRD": ["Belize", "Brazil", "Colombia", "Costa Rica", "Ecuador", "Guatemala", "Honduras", "Mexico", "Nicaragua", "Panama", "Peru", "Venezuela"], "BARROWS GOLDENEYE": ["Canada", "Greenland", "Iceland", "Norway", "Russia", "Sweden", "United States"], "BAY-BREASTED WARBLER": ["Bahamas", "Canada", "Colombia", "Costa Rica", "Cuba", "Dominican Republic", "Ecuador", "El Salvador", "Guatemala", "Haiti", "Honduras", "Jamaica", "Mexico", "Nicaragua", "Panama", "Peru", "Puerto Rico", "Trinidad and Tobago", "United States"], "BEARDED BARBET": ["Angola", "Botswana", "Burundi", "Democratic Republic of the Congo", "Eritrea", "Ethiopia", "Kenya", "Malawi", "Mozambique", "Namibia", "Rwanda", "Somalia", "South Africa", "South Sudan", "Sudan", "Swaziland", "Tanzania", "Uganda", "Zambia", "Zimbabwe"], "BEARDED BELLBIRD": ["Argentina", "Bolivia", "Brazil", "Paraguay"], "BEARDED REEDLING": ["Afghanistan", "Azerbaijan", "Bahrain", "Bangladesh", "Bhutan", "China", "Egypt", "Greece", "India", "Iran", "Iraq", "Israel", "Jordan", "Kazakhstan", "Kyrgyzstan", "Lebanon", "Mongolia", "Myanmar", "Nepal", "Oman", "Pakistan", "Russia", "Saudi Arabia", "Syria", "Tajikistan", "Turkey", "Turkmenistan", "United Arab Emirates", "Uzbekistan", "Yemen"], "BELTED KINGFISHER": ["Bermuda", "Canada", "Greenland", "Mexico", "United States"], "BIRD OF PARADISE": ["Indonesia", "Papua New Guinea"], "BLACK AND YELLOW BROADBILL": ["Bangladesh", "Brunei", "Cambodia", "China", "India", "Indonesia", "Laos", "Malaysia", "Myanmar", "Philippines", "Thailand", "Vietnam"], "BLACK BAZA": ["Bangladesh", "Bhutan", "Cambodia", "China", "India", "Indonesia", "Laos", "Malaysia", "Myanmar", "Nepal", "Pakistan", "Philippine"], "BLACK BREASTED PUFFBIRD": ["Belize", "Bolivia", "Brazil", "Colombia", "Costa Rica", "Ecuador", "El Salvador", "French Guiana", "Guatemala", "Guyana", "Honduras", "Mexico", "Nicaragua", "Panama", "Peru", "Suriname", "Trinidad and Tobago", "Venezuela"], "BLACK COCKATOO": ["Australia", "Indonesia", "Papua New Guinea"], "BLACK FACED SPOONBILL": ["Bangladesh", "Cambodia", "China", "India", "Indonesia", "Japan", "North Korea", "South Korea", "Laos", "Malaysia", "Myanmar", "Philippines", "Russia", "Singapore", "Taiwan", "Thailand", "Vietnam"], "BLACK FRANCOLIN": ["Afghanistan", "India", "Iran", "Iraq", "Kuwait", "Oman", "Pakistan", "Saudi Arabia", "Sri Lanka", "United Arab Emirates"], "BLACK HEADED CAIQUE": ["Bolivia", "Brazil", "Colombia", "Ecuador", "Guyana", "Peru", "Suriname", "Venezuela"], "BLACK NECKED STILT": ["Argentina", "Australia", "Bahamas", "Bahrain", "Bangladesh", "Barbados", "Belize", "Bermuda", "Brazil", "Canada", "Chile", "China", "Colombia", "Costa Rica", "Cuba", "Dominican Republic", "Ecuador", "El Salvador", "Fiji", "France", "French Guiana", "Germany", "Guatemala", "Guyana", "Haiti", "Honduras", "India", "Indonesia", "Iran", "Iraq", "Israel", "Italy", "Jamaica", "Japan", "Jordan", "Kenya", "Kuwait", "Lebanon", "Madagascar", "Malaysia", "Maldives", "Marshall Islands", "Mexico", "Myanmar", "Nauru", "Netherlands", "New Zealand", "Nicaragua", "Oman", "Pakistan", "Palau", "Panama", "Papua New Guinea", "Paraguay", "Peru", "Philippines", "Portugal", "Qatar", "Russia", "Saint Kitts and Nevis", "Saint Lucia", "Saint Vincent and the Grenadines", "Samoa", "Saudi Arabia", "Seychelles", "Singapore", "Solomon Islands", "South Africa", "South Korea", "Spain", "Sri Lanka", "Suriname", "Switzerland", "Syria", "Tanzania", "Thailand", "Trinidad and Tobago", "Turkey", "Turkmenistan", "United Arab Emirates", "United Kingdom", "United States", "Uruguay", "Vanuatu", "Venezuela", "Vietnam", "Yemen"], "BLACK SKIMMER": ["Argentina", "Bahamas", "Barbados", "Belize", "Bolivia", "Brazil", "Canada", "Chile", "Colombia", "Costa Rica", "Cuba", "Dominican Republic", "Ecuador", "El Salvador", "French Guiana", "Guatemala", "Guyana", "Honduras", "Jamaica", "Mexico", "Nicaragua", "Panama", "Paraguay", "Peru", "Puerto Rico", "Suriname", "Trinidad and Tobago", "United States", "Uruguay", "Venezuela"], "BLACK SWAN": ["Australia"], "BLACK TAIL CRAKE": ["Australia"], "BLACK THROATED BUSHTIT": ["Afghanistan", "Bhutan", "China", "India", "Kazakhstan", "Kyrgyzstan", "Mongolia", "Myanmar", "Nepal", "Pakistan", "Russia", "Tajikistan", "Turkmenistan", "Uzbekistan"], "BLACK THROATED HUET": ["Indonesia"], "BLACK THROATED WARBLER": ["Bahamas", "Canada", "Costa Rica", "Cuba", "Dominican Republic", "Guatemala", "Haiti", "Honduras", "Jamaica", "Mexico", "Nicaragua", "Panama", "Puerto Rico", "United States"], "BLACK VENTED SHEARWATER": ["Argentina", "Australia", "Brazil", "Chile", "Ecuador", "Falkland Islands", "Mexico", "New Zealand", "Peru", "South Africa", "United States"], "BLACK VULTURE": ["Argentina", "Bahamas", "Belize", "Bolivia", "Brazil", "Canada", "Chile", "Colombia", "Costa Rica", "Cuba", "Dominican Republic", "Ecuador", "El Salvador", "Guatemala", "Guyana", "Honduras", "Mexico", "Nicaragua", "Panama", "Paraguay", "Peru", "Puerto Rico", "Suriname", "Trinidad and Tobago", "United States", "Uruguay", "Venezuela"], "BLACK-CAPPED CHICKADEE": ["Canada", "United States"], "BLACK-NECKED GREBE": ["Argentina", "Australia", "Austria", "Azerbaijan", "Belarus", "Belgium", "Bosnia and Herzegovina", "Bulgaria", "Canada", "China", "Croatia", "Czech Republic", "Denmark", "Estonia", "Finland", "France", "Germany", "Greece", "Hungary", "India", "Iran", "Iraq", "Israel", "Italy", "Japan", "Kazakhstan", "Kyrgyzstan", "Latvia", "Lithuania", "Luxembourg", "Macedonia", "Moldova", "Mongolia", "Montenegro", "Netherlands", "New Zealand", "North Korea", "Norway", "Pakistan", "Poland", "Portugal", "Romania", "Russia", "Serbia", "Slovakia", "Slovenia", "South Korea", "Spain", "Sweden", "Switzerland", "Tajikistan", "Turkey", "Turkmenistan", "Ukraine", "United Kingdom", "United States", "Uzbekistan"], "BLACK-THROATED SPARROW": ["Mexico", "United States"], "BLACKBURNIAM WARBLER": ["Bangladesh", "Bhutan", "India", "Myanmar", "Nepal", "Pakistan"], "BLONDE CRESTED WOODPECKER": ["Belize", "Costa Rica", "El Salvador", "Guatemala", "Honduras", "Mexico", "Nicaragua", "Panama"], "BLOOD PHEASANT": ["Bhutan", "China", "India", "Myanmar", "Nepal", "Pakistan"], "BLUE COAU": ["Indonesia", "Malaysia", "Singapore", "Thailand"], "BLUE DACNIS": ["Argentina", "Bolivia", "Brazil", "Colombia", "Costa Rica", "Ecuador", "French Guiana", "Guyana", "Panama", "Paraguay", "Peru", "Suriname", "Trinidad and Tobago", "Venezuela"], "BLUE GRAY GNATCATCHER": ["Bahamas", "Belize", "Canada", "Costa Rica", "Cuba", "El Salvador", "Guatemala", "Honduras", "Jamaica", "Mexico", "Nicaragua", "Panama", "United States"], "BLUE GROSBEAK": ["Bahamas", "Belize", "Bermuda", "Canada", "Costa Rica", "Cuba", "Dominican Republic", "El Salvador", "Guatemala", "Honduras", "Mexico", "Nicaragua", "Panama", "United States"], "BLUE GROUSE": ["Canada", "United States"], "BLUE HERON": ["Bahamas", "Belize", "Canada", "Costa Rica", "Cuba", "Dominican Republic", "El Salvador", "Guatemala", "Haiti", "Honduras", "Jamaica", "Mexico", "Nicaragua", "Panama", "United States"], "BLUE MALKOHA": ["Cambodia", "Indonesia", "Laos", "Malaysia", "Myanmar", "Singapore", "Thailand", "Vietnam"], "BLUE THROATED PIPING GUAN": ["Belize", "Costa Rica", "Guatemala", "Honduras", "Mexico", "Nicaragua", "Panama"], "BLUE THROATED TOUCANET": ["Belize", "Costa Rica", "El Salvador", "Guatemala", "Honduras", "Mexico", "Nicaragua", "Panama"], "BOBOLINK": ["Argentina", "Bahamas", "Barbados", "Belize", "Bolivia", "Brazil", "Canada", "Chile", "Colombia", "Costa Rica", "Cuba", "Dominican Republic", "Ecuador", "El Salvador", "French Guiana", "Guatemala", "Guyana", "Haiti", "Honduras", "Jamaica", "Mexico", "Nicaragua", "Panama", "Paraguay", "Peru", "Suriname", "Trinidad and Tobago", "United States", "Uruguay", "Venezuela"], "BORNEAN BRISTLEHEAD": ["Brunei", "Indonesia", "Malaysia"], "BORNEAN LEAFBIRD": ["Brunei", "Indonesia", "Malaysia"], "BORNEAN PHEASANT": ["Indonesia"], "BRANDT CORMORANT": ["Canada", "United States"], "BREWERS BLACKBIRD": ["Canada", "Costa Rica", "El Salvador", "Guatemala", "Honduras", "Mexico", "Nicaragua", "Panama", "United States"], "BROWN CREEPER": ["Canada", "United States"], "BROWN HEADED COWBIRD": ["Bahamas", "Belize", "Canada", "Cayman Islands", "Costa Rica", "Cuba", "Dominican Republic", "El Salvador", "Guatemala", "Honduras", "Mexico", "Nicaragua", "Panama", "Puerto Rico", "United States", "Virgin Islands (US)"], "BROWN NOODY": ["Belize", "Cayman Islands", "Colombia", "Costa Rica", "Cuba", "Dominican Republic", "El Salvador", "Guatemala", "Haiti", "Honduras", "Jamaica", "Mexico", "Nicaragua", "Panama", "United States"], "BROWN THRASHER": ["Canada", "United States"], "BUFFLEHEAD": ["Canada", "United States"], "BULWERS PHEASANT": ["Indonesia"], "BURCHELLS COURSER": ["Angola", "Botswana", "Kenya", "Lesotho", "Namibia", "South Africa", "Swaziland", "Tanzania", "Zambia", "Zimbabwe"], "BUSH TURKEY": ["Australia", "Indonesia", "Papua New Guinea"], "CAATINGA CACHOLOTE": ["Brazil"], "CABOTS TRAGOPAN": ["China", "India", "Myanmar", "Nepal", "Thailand", "Vietnam"], "CACTUS WREN": ["Mexico", "United States"], "CALIFORNIA CONDOR": ["United States"], "CALIFORNIA GULL": ["Canada", "Mexico", "United States"], "CALIFORNIA QUAIL": ["Canada", "Mexico", "United States"], "CAMPO FLICKER": ["Argentina", "Bolivia", "Brazil", "Paraguay"], "CANARY": ["Canary Islands (Spain)"], "CANVASBACK": ["Canada", "United States"], "CAPE GLOSSY STARLING": ["Angola", "Botswana", "Burundi", "Democratic Republic of the Congo", "Kenya", "Lesotho", "Malawi", "Mozambique", "Namibia", "Rwanda", "South Africa", "South Sudan", "Swaziland", "Tanzania", "Uganda", "Zambia", "Zimbabwe"], "CAPE LONGCLAW": ["Lesotho", "South Africa"], "CAPE MAY WARBLER": ["Bahamas", "Canada", "Cayman Islands", "Cuba", "Dominican Republic", "Haiti", "Jamaica", "Mexico", "Turks and Caicos Islands", "United States"], "CAPE ROCK THRUSH": ["Lesotho", "South Africa"], "CAPPED HERON": ["Argentina", "Bolivia", "Brazil", "Colombia", "Ecuador", "Guyana", "Paraguay", "Peru", "Suriname", "Venezuela"], "CAPUCHINBIRD": ["Belize", "Brazil", "Colombia", "Costa Rica", "Ecuador", "French Guiana", "Guyana", "Honduras", "Mexico", "Nicaragua", "Panama", "Peru", "Suriname", "Venezuela"], "CARMINE BEE-EATER": ["Angola", "Botswana", "Burundi", "Democratic Republic of the Congo", "Eritrea", "Ethiopia", "Kenya", "Lesotho", "Malawi", "Mozambique", "Namibia", "Rwanda", "Somalia", "South Africa", "South Sudan", "Sudan", "Swaziland", "Tanzania", "Uganda", "Zambia", "Zimbabwe"], "CASPIAN TERN": ["Africa", "Asia", "Europe", "North America", "Oceania", "South America"], "CASSOWARY": ["Indonesia", "New Guinea"], "CEDAR WAXWING": ["Canada", "United States"], "CERULEAN WARBLER": ["Argentina", "Belize", "Bolivia", "Brazil", "Colombia", "Costa Rica", "Ecuador", "Guatemala", "Honduras", "Mexico", "Nicaragua", "Panama", "Peru", "Trinidad and Tobago", "Venezuela"], "CHARA DE COLLAR": ["Argentina", "Bolivia", "Brazil", "Chile", "Paraguay", "Uruguay"], "CHATTERING LORY": ["Indonesia", "Papua New Guinea"], "CHESTNET BELLIED EUPHONIA": ["Argentina", "Bolivia", "Brazil", "Colombia", "Ecuador", "French Guiana", "Guyana", "Paraguay", "Peru", "Suriname", "Trinidad and Tobago", "Venezuela"], "CHESTNUT WINGED CUCKOO": ["Bangladesh", "Bhutan", "Cambodia", "China", "India", "Indonesia", "Laos", "Malaysia", "Myanmar", "Nepal", "Philippines", "Thailand", "Vietnam"], "CHINESE BAMBOO PARTRIDGE": ["China"], "CHINESE POND HERON": ["China", "India", "Indonesia", "Laos", "Malaysia", "Myanmar", "Nepal", "Philippines", "Singapore", "Sri Lanka", "Thailand", "Vietnam"], "CHIPPING SPARROW": ["Canada", "Mexico", "United States"], "CHUCAO TAPACULO": ["Argentina", "Chile"], "CHUKAR PARTRIDGE": ["Afghanistan", "India", "Iran", "Iraq", "Pakistan", "Turkey", "United States"], "CINNAMON ATTILA": ["Belize", "Costa Rica", "El Salvador", "Guatemala", "Honduras", "Mexico", "Nicaragua", "Panama"], "CINNAMON FLYCATCHER": ["Bhutan", "China", "India", "Indonesia", "Laos", "Malaysia", "Myanmar", "Nepal", "Thailand", "Vietnam"], "CINNAMON TEAL": ["Argentina", "Belize", "Bolivia", "Brazil", "Canada", "Chile", "Colombia", "Costa Rica", "Ecuador", "El Salvador", "Guatemala", "Honduras", "Mexico", "Nicaragua", "Panama", "Paraguay", "Peru", "United States", "Uruguay", "Venezuela"], "CLARKS GREBE": ["Canada", "Mexico", "United States"], "CLARKS NUTCRACKER": ["Canada", "United States"], "COCK OF THE ROCK": ["Bolivia", "Colombia", "Ecuador", "Peru"], "COCKATOO": ["Australia", "Indonesia", "Papua New Guinea", "Philippines", "Solomon Islands"], "COLLARED ARACARI": ["Belize", "Bolivia", "Brazil", "Colombia", "Costa Rica", "Ecuador", "French Guiana", "Guyana", "Honduras", "Mexico", "Nicaragua", "Panama", "Peru", "Suriname", "Venezuela"], "COLLARED CRESCENTCHEST": ["Bolivia", "Colombia", "Ecuador", "Peru"], "COMMON FIRECREST": ["Albania", "Andorra", "Austria", "Belgium", "Bosnia and Herzegovina", "Bulgaria", "Croatia", "Cyprus", "Czech Republic", "Denmark", "Estonia", "Finland", "France", "Germany", "Greece", "Hungary", "Ireland", "Italy", "Latvia", "Liechtenstein", "Lithuania", "Luxembourg", "Malta", "Monaco", "Montenegro", "Netherlands", "North Macedonia", "Norway", "Poland", "Portugal", "Romania", "San Marino", "Serbia", "Slovakia", "Slovenia", "Spain", "Sweden", "Switzerland", "Ukraine", "United Kingdom"], "COMMON GRACKLE": ["Canada", "United States"], "COMMON HOUSE MARTIN": ["Afghanistan", "Albania", "Algeria", "Andorra", "Angola", "Armenia", "Austria", "Azerbaijan", "Bahrain", "Bangladesh", "Belarus", "Belgium", "Bosnia and Herzegovina", "Botswana", "Bulgaria", "Burundi", "Cambodia", "Cameroon", "Central African Republic", "Chad", "Croatia", "Cyprus", "Czech Republic", "Denmark", "Djibouti", "Egypt", "Equatorial Guinea", "Eritrea", "Estonia", "Ethiopia", "Finland", "France", "Gabon", "Gambia", "Georgia", "Germany", "Ghana", "Greece", "Guinea", "Guinea-Bissau", "Hungary", "Iran", "Iraq", "Ireland", "Israel", "Italy", "Jordan", "Kazakhstan", "Kenya", "Kosovo", "Kuwait", "Kyrgyzstan", "Latvia", "Lebanon", "Lesotho", "Liberia", "Libya", "Liechtenstein", "Lithuania", "Luxembourg", "Malawi", "Malaysia", "Maldives", "Mali", "Malta", "Mauritania", "Mauritius", "Moldova", "Monaco", "Mongolia", "Montenegro", "Morocco", "Mozambique", "Namibia", "Netherlands", "Niger", "Nigeria", "North Macedonia", "Norway", "Oman", "Pakistan", "Palestine", "Poland", "Portugal", "Qatar", "Romania", "Russia", "Rwanda", "San Marino", "Saudi Arabia", "Senegal", "Serbia", "Seychelles", "Sierra Leone", "Slovakia", "Slovenia", "Somalia", "South Africa", "South Sudan", "Spain", "Sudan", "Swaziland", "Sweden", "Switzerland", "Syria", "Tajikistan", "Tanzania", "Thailand", "Togo", "Tunisia", "Turkey", "Turkmenistan", "Uganda", "Ukraine", "United Arab Emirates", "United Kingdom", "Uzbekistan", "Vatican City", "Vietnam", "Yemen", "Zambia", "Zimbabwe"], "COMMON IORA": ["Bangladesh", "Bhutan", "Cambodia", "China", "India", "Indonesia", "Laos", "Malaysia", "Myanmar", "Nepal", "Pakistan", "Sri Lanka", "Thailand", "Vietnam"], "COMMON LOON": ["Canada", "Finland", "Iceland", "United States"], "COMMON POORWILL": ["Canada", "Mexico", "United States"], "COMMON STARLING": ["Afghanistan", "Albania", "Algeria", "Andorra", "Angola", "Armenia", "Austria", "Azerbaijan", "Bahrain", "Bangladesh", "Belarus", "Belgium", "Bosnia and Herzegovina", "Botswana", "Bulgaria", "Burundi", "Cambodia", "Cameroon", "Central African Republic", "Chad", "Croatia", "Cyprus", "Czech Republic", "Denmark", "Djibouti", "Egypt", "Equatorial Guinea", "Eritrea", "Estonia", "Ethiopia", "Finland", "France", "Gabon", "Gambia", "Georgia", "Germany", "Ghana", "Greece", "Guinea", "Guinea-Bissau", "Hungary", "Iran", "Iraq", "Ireland", "Israel", "Italy", "Jordan", "Kazakhstan", "Kenya", "Kosovo", "Kuwait", "Kyrgyzstan", "Latvia", "Lebanon", "Lesotho", "Liberia", "Libya", "Liechtenstein", "Lithuania", "Luxembourg", "Malawi", "Malaysia", "Maldives", "Mali", "Malta", "Mauritania", "Mauritius", "Moldova", "Monaco", "Mongolia", "Montenegro", "Morocco", "Mozambique", "Namibia", "Netherlands", "Niger", "Nigeria", "North Macedonia", "Norway", "Oman", "Pakistan", "Palestine", "Poland", "Portugal", "Qatar", "Romania", "Russia", "Rwanda", "San Marino", "Saudi Arabia", "Senegal", "Serbia", "Seychelles", "Sierra Leone", "Slovakia", "Slovenia", "Somalia", "South Africa", "South Sudan", "Spain", "Sudan", "Swaziland", "Sweden", "Switzerland", "Syria", "Tajikistan", "Tanzania", "Thailand", "Togo", "Tunisia", "Turkey", "Turkmenistan", "Uganda", "Ukraine", "United Arab Emirates", "United Kingdom", "Uzbekistan", "Vatican City", "Vietnam", "Yemen", "Zambia", "Zimbabwe"], "COPPERSMITH BARBET": ["Afghanistan", "Bangladesh", "Bhutan", "Cambodia", "China", "India", "Indonesia", "Laos", "Malaysia", "Myanmar", "Nepal", "Pakistan", "Sri Lanka", "Thailand", "Vietnam"], "COPPERY TAILED COUCAL": ["Bangladesh", "Bhutan", "Cambodia", "China", "India", "Indonesia", "Laos", "Malaysia", "Myanmar", "Nepal", "Pakistan", "Sri Lanka", "Thailand", "Vietnam"], "CRAB PLOVER": ["Africa", "Asia", "Europe"], "CRANE HAWK": ["Argentina", "Bolivia", "Brazil", "Colombia", "Costa Rica", "Ecuador", "French Guiana", "Guyana", "Honduras", "Mexico", "Nicaragua", "Panama", "Paraguay", "Peru", "Suriname", "Trinidad and Tobago", "Venezuela"], "CREAM COLORED WOODPECKER": ["Argentina", "Bolivia", "Brazil", "Colombia", "Ecuador", "French Guiana", "Guyana", "Paraguay", "Peru", "Suriname", "Trinidad and Tobago", "Venezuela"], "CRESTED AUKLET": ["Canada", "Russia", "United States"], "CRESTED CARACARA": ["Argentina", "Belize", "Bolivia", "Brazil", "Colombia", "Costa Rica", "Ecuador", "El Salvador", "Guatemala", "Honduras", "Mexico", "Nicaragua", "Panama", "Peru", "Suriname", "Trinidad and Tobago", "United States", "Venezuela"], "CRESTED COUA": ["Indonesia", "Papua New Guinea"], "CRESTED FIREBACK": ["Brunei", "Indonesia", "Malaysia", "Thailand"], "CRESTED KINGFISHER": ["Brunei", "Indonesia", "Malaysia", "Thailand"], "CRESTED NUTHATCH": ["Canada", "Mexico", "United States"], "CRESTED OROPENDOLA": ["Belize", "Colombia", "Costa Rica", "Ecuador", "Guatemala", "Honduras", "Mexico", "Nicaragua", "Panama", "Peru", "Venezuela"], "CRESTED SERPENT EAGLE": ["Bangladesh", "Bhutan", "Cambodia", "China", "India", "Indonesia", "Laos", "Malaysia", "Myanmar", "Nepal", "Sri Lanka", "Taiwan", "Thailand", "Vietnam"], "CRESTED SHRIKETIT": ["Australia", "Indonesia", "Papua New Guinea"], "CRESTED WOOD PARTRIDGE": ["Cambodia", "China", "India", "Indonesia", "Laos", "Malaysia", "Myanmar", "Thailand", "Vietnam"], "CRIMSON CHAT": ["Australia"], "CRIMSON SUNBIRD": ["Bangladesh", "Bhutan", "Cambodia", "China", "India", "Indonesia", "Laos", "Malaysia", "Myanmar", "Nepal", "Philippines", "Singapore", "Sri Lanka", "Taiwan", "Thailand", "Vietnam"], "CROW": ["Worldwide"], "CUBAN TODY": ["Cuba"], "CUBAN TROGON": ["Cuba"], "CURL CRESTED ARACURI": ["Argentina", "Brazil", "Paraguay"], "D-ARNAUDS BARBET": ["Bhutan", "China", "India", "Myanmar", "Nepal", "Vietnam"], "DALMATIAN PELICAN": ["Albania", "Armenia", "Austria", "Azerbaijan", "Belarus", "Bosnia and Herzegovina", "Bulgaria", "China", "Croatia", "Czech Republic", "Egypt", "Estonia", "Finland", "France", "Georgia", "Greece", "Hungary", "Iran", "Iraq", "Israel", "Italy", "Jordan", "Kazakhstan", "Kuwait", "Kyrgyzstan", "Latvia", "Lebanon", "Libya", "Lithuania", "Macedonia", "Moldova", "Montenegro", "Morocco", "Netherlands", "North Korea", "Norway", "Oman", "Poland", "Portugal", "Romania", "Russia", "Saudi Arabia", "Serbia", "Slovakia", "Slovenia", "South Korea", "Spain", "Sweden", "Switzerland", "Syria", "Tajikistan", "Tunisia", "Turkey", "Turkmenistan", "Ukraine", "United Arab Emirates", "United Kingdom", "Uzbekistan"], "DARJEELING WOODPECKER": ["Bangladesh", "Bhutan", "China", "India", "Myanmar", "Nepal"], "DARK EYED JUNCO": ["Canada", "Mexico", "United States"], "DAURIAN REDSTART": ["China", "India", "Japan", "Korea", "Mongolia", "Russia", "Taiwan"], "DEMOISELLE CRANE": ["Afghanistan", "Armenia", "Azerbaijan", "Bahrain", "Bangladesh", "Bhutan", "Cambodia", "China", "Egypt", "Georgia", "India", "Iran", "Iraq", "Israel", "Jordan", "Kazakhstan", "Kuwait", "Kyrgyzstan", "Laos", "Lebanon", "Maldives", "Mongolia", "Myanmar", "Nepal", "Oman", "Pakistan", "Qatar", "Russia", "Saudi Arabia", "Sri Lanka", "Syria", "Tajikistan", "Thailand", "Turkey", "Turkmenistan", "United Arab Emirates", "Uzbekistan", "Vietnam", "Yemen"], "DOUBLE BARRED FINCH": ["Australia", "Indonesia", "Papua New Guinea"], "DOUBLE BRESTED CORMARANT": ["Australia", "Bangladesh", "Bhutan", "Cambodia", "China", "India", "Indonesia", "Laos", "Malaysia", "Myanmar", "Nepal", "Philippines", "Singapore", "Sri Lanka", "Taiwan", "Thailand", "Vietnam"], "DOUBLE EYED FIG PARROT": ["Australia"], "DOWNY WOODPECKER": ["Canada", "United States"], "DUNLIN": ["Australia", "Bahamas", "Bahrain", "Bangladesh", "Bermuda", "Bhutan", "Brazil", "Brunei", "Cambodia", "Canada", "China", "Cocos (Keeling) Islands", "Colombia", "Cook Islands", "Costa Rica", "Cuba", "Cyprus", "Democratic Republic of the Congo", "Denmark", "Djibouti", "Dominican Republic", "Ecuador", "Egypt", "El Salvador", "Eritrea", "Falkland Islands", "Faroe Islands", "Fiji", "Finland", "France", "French Guiana", "French Polynesia", "Germany", "Gibraltar", "Greece", "Greenland", "Guam", "Guatemala", "Guinea", "Guyana", "Haiti", "Honduras", "Hong Kong", "Iceland", "India", "Indonesia", "Iran", "Iraq", "Ireland", "Israel", "Italy", "Japan", "Jordan", "Kazakhstan", "Kenya", "Kiribati", "Kuwait", "Kyrgyzstan", "Laos", "Latvia", "Lebanon", "Liberia", "Libya", "Liechtenstein", "Lithuania", "Macau", "Macedonia", "Madagascar", "Malaysia", "Maldives", "Malta", "Marshall Islands", "Martinique", "Mauritania", "Mauritius", "Mayotte", "Mexico", "Micronesia", "Moldova", "Monaco", "Mongolia", "Montenegro", "Montserrat", "Morocco", "Mozambique", "Myanmar", "Namibia", "Nauru", "Nepal", "Netherlands", "New Caledonia", "New Zealand", "Nicaragua", "Niger", "Nigeria", "Niue", "Norfolk Island", "North Korea", "Northern Mariana Islands", "Norway", "Oman", "Pakistan", "Palau", "Palestinian Territory", "Panama", "Papua New Guinea", "Paraguay", "Peru", "Philippines", "Pitcairn", "Poland", "Portugal", "Puerto Rico", "Qatar", "Reunion", "Romania", "Russia", "Rwanda", "Saint Barthelemy", "Saint Helena", "Saint Kitts and Nevis", "Saint Lucia", "Saint Martin", "Saint Pierre and Miquelon", "Saint Vincent and the Grenadines", "Samoa", "San Marino", "Sao Tome and Principe", "Saudi Arabia", "Senegal", "Serbia", "Seychelles", "Sierra Leone", "Singapore", "Sint Maarten", "Slovakia", "Slovenia", "Solomon Islands", "Somalia", "South Africa", "South Korea", "South Sudan", "Spain", "Sri Lanka", "Sudan", "Suriname", "Swaziland", "Sweden", "Switzerland", "Syria", "Taiwan", "Tajikistan", "Tanzania", "Thailand", "Timor-Leste", "Togo", "Tokelau", "Tonga", "Trinidad and Tobago", "Tunisia", "Turkey", "Turkmenistan", "Tuvalu", "Uganda", "Ukraine", "United Arab Emirates", "United Kingdom", "United States", "Uruguay", "Uzbekistan", "Vanuatu", "Vatican", "Venezuela", "Vietnam", "Virgin Islands (British)", "Virgin Islands (U.S.)", "Wallis and Futuna", "Western Sahara", "Yemen", "Zambia", "Zimbabwe"], "DUSKY LORY": ["Indonesia", "Papua New Guinea"], "DUSKY ROBIN": ["Australia", "Indonesia", "Papua New Guinea"], "EARED PITA": ["Indonesia"], "EASTERN BLUEBIRD": ["Bermuda", "Canada", "Costa Rica", "El Salvador", "Guatemala", "Honduras", "Mexico", "Nicaragua", "Panama", "United States"], "EASTERN BLUEBONNET": ["Australia"], "EASTERN GOLDEN WEAVER": ["Africa", "Madagascar", "Saudi Arabia", "Yemen", "Oman", "Iran", "Pakistan", "India", "Bangladesh", "Nepal", "Bhutan", "Myanmar", "Laos", "Vietnam", "Malaysia", "Indonesia", "Philippines", "New Guinea", "Solomon Islands", "Australia", "Fiji", "New Caledonia", "Vanuatu", "Samoa", "Tonga"], "EASTERN MEADOWLARK": ["United States", "Canada", "Mexico", "Guatemala", "Belize", "El Salvador", "Honduras", "Nicaragua", "Costa Rica", "Panama", "Colombia", "Venezuela", "Ecuador", "Peru", "Brazil", "Uruguay", "Paraguay", "Argentina", "Chile", "French Guiana", "Suriname", "Guyana"], "EASTERN ROSELLA": ["Australia"], "EASTERN TOWEE": ["United States", "Canada"], "EASTERN WIP POOR WILL": ["North America"], "EASTERN YELLOW ROBIN": ["Australia"], "ECUADORIAN HILLSTAR": ["Ecuador"], "EGYPTIAN GOOSE": ["Africa", "south of the Sahara", "Nile Valley", "Egypt", "southwestern Asia", "Maghreb"], "ELEGANT TROGON": ["Belize", "Costa Rica", "El Salvador", "Guatemala", "Honduras", "Mexico", "Nicaragua", "Panama", "United States"], "ELLIOTS  PHEASANT": ["China"], "EMERALD TANAGER": ["Colombia", "Ecuador", "Panama", "Peru", "Venezuela"], "EMPEROR PENGUIN": ["Antarctica"], "EMU": ["Australia"], "ENGGANO MYNA": ["Indonesia"], "EURASIAN BULLFINCH": ["Asia", "Europe"], "EURASIAN GOLDEN ORIOLE": ["Europe", "Asia", "India", "China", "Japan"], "EURASIAN MAGPIE": ["Europe", "Asia"], "EUROPEAN GOLDFINCH": ["Albania", "Andorra", "Austria", "Belarus", "Belgium", "Bosnia and Herzegovina", "Bulgaria", "Croatia", "Cyprus", "Czech Republic", "Denmark", "Estonia", "Faroe Islands", "Finland", "France", "Germany", "Gibraltar", "Greece", "Guernsey", "Hungary", "Iceland", "Ireland", "Isle of Man", "Italy", "Jersey", "Latvia", "Liechtenstein", "Lithuania", "Luxembourg", "Macedonia", "Malta", "Moldova", "Monaco", "Montenegro", "Netherlands", "Norway", "Poland", "Portugal", "Romania", "Russia", "San Marino", "Serbia", "Slovakia", "Slovenia", "Spain", "Svalbard and Jan Mayen", "Sweden", "Switzerland", "Ukraine", "United Kingdom", "Vatican City"], "EUROPEAN TURTLE DOVE": ["Albania", "Andorra", "Armenia", "Austria", "Azerbaijan", "Belarus", "Belgium", "Bosnia and Herzegovina", "Bulgaria", "Croatia", "Cyprus", "Czech Republic", "Denmark", "Estonia", "Faroe Islands", "Finland", "France", "Georgia", "Germany", "Greece", "Hungary", "Iceland", "Ireland", "Italy", "Kazakhstan", "Kosovo", "Latvia", "Liechtenstein", "Lithuania", "Luxembourg", "Macedonia", "Malta", "Moldova", "Monaco", "Montenegro", "Netherlands", "Norway", "Poland", "Portugal", "Romania", "Russia", "San Marino", "Serbia", "Slovakia", "Slovenia", "Spain", "Sweden", "Switzerland", "Turkey", "Ukraine", "United Kingdom", "Vatican City"], "EVENING GROSBEAK": ["Canada", "United States"], "FAIRY BLUEBIRD": ["Bangladesh", "Bhutan", "Cambodia", "China", "India", "Indonesia", "Laos", "Malaysia", "Myanmar", "Nepal", "Philippines", "Taiwan", "Thailand", "Vietnam"], "FAIRY PENGUIN": ["Australia"], "FAIRY TERN": ["Australia", "Bangladesh", "Brunei", "Cambodia", "China", "Cook Islands", "Federated States of Micronesia", "Fiji", "India", "Indonesia", "Japan", "Kiribati", "Malaysia", "Marshall Islands", "Myanmar", "Nauru", "New Caledonia", "New Zealand", "Niue", "Northern Mariana Islands", "Palau", "Papua New Guinea", "Philippines", "Samoa", "Singapore", "Solomon Islands", "South Korea", "Sri Lanka", "Taiwan", "Thailand", "Timor-Leste", "Tonga", "Tuvalu", "Vanuatu", "Vietnam", "Wallis and Futuna"], "FAN TAILED WIDOW": ["Indonesia"], "FASCIATED WREN": ["Argentina", "Belize", "Bolivia", "Brazil", "Colombia", "Costa Rica", "Ecuador", "El Salvador", "Guatemala", "Honduras", "Mexico", "Nicaragua", "Panama", "Peru", "United States", "Venezuela"], "FIERY MINIVET": ["Bangladesh", "Bhutan", "China", "India", "Indonesia", "Laos", "Malaysia", "Myanmar", "Nepal", "Pakistan", "Taiwan", "Thailand", "Vietnam"], "FIORDLAND PENGUIN": ["New Zealand"], "FIRE TAILLED MYZORNIS": ["Bhutan", "China", "India", "Laos", "Myanmar", "Nepal", "Thailand", "Vietnam"], "FLAME BOWERBIRD": ["Indonesia", "Papua New Guinea"], "FLAME TANAGER": ["Belize", "Bolivia", "Brazil", "Colombia", "Costa Rica", "Ecuador", "Guatemala", "Honduras", "Mexico", "Nicaragua", "Panama", "Peru", "United States", "Venezuela"], "FOREST WAGTAIL": ["Bangladesh", "Bhutan", "Brunei", "Cambodia", "China", "India", "Indonesia", "Laos", "Malaysia", "Myanmar", "Nepal", "Philippines", "Singapore", "Sri Lanka", "Thailand", "Vietnam"], "FRIGATE": ["Argentina", "Australia", "Bahamas", "Barbados", "Belize", "Bolivia", "Brazil", "Canada", "Chile", "Colombia", "Costa Rica", "Cuba", "Dominican Republic", "Ecuador", "El Salvador", "French Guiana", "Guadeloupe", "Guatemala", "Guyana", "Haiti", "Honduras", "Jamaica", "Martinique", "Mexico", "Netherlands Antilles", "Nicaragua", "Panama", "Paraguay", "Peru", "Puerto Rico", "Saint Kitts and Nevis", "Saint Lucia", "Saint Vincent and the Grenadines", "Suriname", "Trinidad and Tobago", "United States", "Uruguay", "Venezuela", "Virgin Islands"], "FRILL BACK PIGEON": ["Indonesia"], "GAMBELS QUAIL": ["Mexico", "United States"], "GANG GANG COCKATOO": ["Australia"], "GILA WOODPECKER": ["Mexico", "United States"], "GILDED FLICKER": ["Mexico", "United States"], "GLOSSY IBIS": ["Africa", "Asia", "Australia", "Europe", "North America", "South America"], "GO AWAY BIRD": ["Angola", "Botswana", "Kenya", "Mozambique", "Namibia", "South Africa", "Swaziland", "Tanzania", "Uganda", "Zimbabwe"], "GOLD WING WARBLER": ["Argentina", "Belize", "Bolivia", "Brazil", "Colombia", "Costa Rica", "Ecuador", "Guatemala", "Honduras", "Mexico", "Nicaragua", "Panama", "Peru", "United States", "Venezuela"], "GOLDEN BOWER BIRD": ["Australia", "Papua New Guinea"], "GOLDEN CHEEKED WARBLER": ["Belize", "Costa Rica", "El Salvador", "Guatemala", "Honduras", "Mexico", "Nicaragua", "Panama", "United States"], "GOLDEN CHLOROPHONIA": ["Costa Rica", "Honduras", "Nicaragua", "Panama"], "GOLDEN EAGLE": ["Africa", "Asia", "Europe", "North America"], "GOLDEN PARAKEET": ["Brazil"], "GOLDEN PHEASANT": ["China"], "GOLDEN PIPIT": ["Africa", "Asia", "Europe"], "GOULDIAN FINCH": ["Australia"], "GRANDALA": ["Bhutan", "China", "India", "Nepal"], "GRAY CATBIRD": ["Canada", "United States"], "GRAY KINGBIRD": ["Bahamas", "Bermuda", "Cayman Islands", "Colombia", "Costa Rica", "Cuba", "Dominican Republic", "Ecuador", "El Salvador", "Guatemala", "Haiti", "Honduras", "Jamaica", "Mexico", "Nicaragua", "Panama", "Puerto Rico", "Turks and Caicos Islands", "United States", "Venezuela", "Virgin Islands"], "GRAY PARTRIDGE": ["Afghanistan", "Albania", "Algeria", "Andorra", "Armenia", "Austria", "Azerbaijan", "Belarus", "Belgium", "Bosnia and Herzegovina", "Bulgaria", "Canada", "China", "Croatia", "Cyprus", "Czech Republic", "Denmark", "Estonia", "Finland", "France", "Georgia", "Germany", "Greece", "Hungary", "Iceland", "Iran", "Iraq", "Ireland", "Israel", "Italy", "Jordan", "Kazakhstan", "Kuwait", "Kyrgyzstan", "Latvia", "Lebanon", "Libya", "Liechtenstein", "Lithuania", "Luxembourg", "Macedonia", "Malta", "Moldova", "Monaco", "Mongolia", "Montenegro", "Morocco", "Netherlands", "Norway", "Oman", "Pakistan", "Palestinian Territory", "Poland", "Portugal", "Qatar", "Romania", "Russia", "San Marino", "Saudi Arabia", "Serbia", "Slovakia", "Slovenia", "Spain", "Sweden", "Switzerland", "Syria", "Tajikistan", "Tunisia", "Turkey", "Turkmenistan", "Ukraine", "United Arab Emirates", "United Kingdom", "Uzbekistan", "Western Sahara", "Yemen"], "GREAT ARGUS": ["Brunei", "Indonesia", "Malaysia", "Thailand"], "GREAT GRAY OWL": ["Canada", "Finland", "Iceland", "Norway", "Russia", "Sweden", "United States"], "GREAT JACAMAR": ["Brazil"], "GREAT KISKADEE": ["Argentina", "Belize", "Bolivia", "Brazil", "Colombia", "Costa Rica", "Ecuador", "El Salvador", "French Guiana", "Guatemala", "Guyana", "Honduras", "Mexico", "Nicaragua", "Panama", "Paraguay", "Peru", "Suriname", "Trinidad and Tobago", "United States", "Venezuela"], "GREAT POTOO": ["Argentina", "Bolivia", "Brazil", "Colombia", "Ecuador", "French Guiana", "Guyana", "Paraguay", "Peru", "Suriname", "Trinidad and Tobago", "Venezuela"], "GREAT TINAMOU": ["Argentina", "Belize", "Bolivia", "Brazil", "Colombia", "Costa Rica", "Ecuador", "El Salvador", "Guatemala", "Honduras", "Mexico", "Nicaragua", "Panama", "Paraguay", "Peru", "United States", "Venezuela"], "GREAT XENOPS": ["Argentina", "Bolivia", "Brazil", "Colombia", "Costa Rica", "Ecuador", "French Guiana", "Guyana", "Panama", "Paraguay", "Peru", "Suriname", "Trinidad and Tobago", "Venezuela"], "GREATER PEWEE": ["Canada", "Mexico", "United States"], "GREATER PRAIRIE CHICKEN": ["Canada", "United States"], "GREATOR SAGE GROUSE": ["United States"], "GREEN BROADBILL": ["Brunei", "Indonesia", "Malaysia", "Myanmar", "Thailand"], "GREEN JAY": ["Belize", "Costa Rica", "Guatemala", "Honduras", "Mexico", "Nicaragua", "Panama", "United States"], "GREEN MAGPIE": ["Bangladesh", "Bhutan", "Cambodia", "China", "India", "Indonesia", "Laos", "Malaysia", "Myanmar", "Nepal", "Thailand", "Vietnam"], "GREEN WINGED DOVE": ["Argentina", "Aruba", "Bahamas", "Barbados", "Belize", "Bolivia", "Bonaire, Sint Eustatius, and Saba", "Brazil", "Colombia", "Costa Rica", "Cuba", "Cura\u00e7ao", "Dominica", "Dominican Republic", "Ecuador", "El Salvador", "French Guiana", "Grenada", "Guatemala", "Guyana", "Haiti", "Honduras", "Jamaica", "Mexico", "Nicaragua", "Panama", "Paraguay", "Peru", "Saint Barth\u00e9lemy", "Saint Kitts and Nevis", "Saint Lucia", "Saint Martin", "Saint Vincent and the Grenadines", "Sint Maarten", "Suriname", "Trinidad and Tobago", "United States", "Uruguay", "Venezuela"], "GREY CUCKOOSHRIKE": ["Australia", "Bangladesh", "Bhutan", "Brunei", "Cambodia", "China", "India", "Indonesia", "Laos", "Malaysia", "Myanmar", "Nepal", "Pakistan", "Philippines", "Singapore", "Sri Lanka", "Taiwan", "Thailand", "Vietnam"], "GREY HEADED CHACHALACA": ["Belize", "Colombia", "Costa Rica", "Guatemala", "Honduras", "Mexico", "Nicaragua", "Panama"], "GREY HEADED FISH EAGLE": ["Bangladesh", "Bhutan", "Cambodia", "China", "India", "Indonesia", "Laos", "Malaysia", "Myanmar", "Nepal", "Pakistan", "Sri Lanka", "Thailand", "Vietnam"], "GREY PLOVER": ["Albania", "Algeria", "Antigua and Barbuda", "Argentina", "Australia", "Austria", "Bahamas", "Bangladesh", "Barbados", "Belarus", "Belgium", "Belize", "Bermuda", "Bolivia", "Bosnia and Herzegovina", "Brazil", "Bulgaria", "Cambodia", "Canada", "Cape Verde", "Chile", "China", "Colombia", "Costa Rica", "Croatia", "Cuba", "Cyprus", "Czech Republic", "Denmark", "Djibouti", "Dominica", "Dominican Republic", "Ecuador", "Egypt", "El Salvador", "Estonia", "Fiji", "Finland", "France", "French Guiana", "Georgia", "Germany", "Ghana", "Gibraltar", "Greece", "Greenland", "Grenada", "Guadeloupe", "Guatemala", "Guinea", "Guyana", "Haiti", "Honduras", "Hong Kong", "Hungary", "Iceland", "India", "Indonesia", "Iran", "Iraq", "Ireland", "Israel", "Italy", "Ivory Coast", "Jamaica", "Japan", "Jordan", "Kazakhstan", "Kenya", "Kiribati", "Kuwait", "Kyrgyzstan", "Laos", "Latvia", "Lebanon", "Lesotho", "Liberia", "Libya", "Liechtenstein", "Lithuania", "Luxembourg", "Macau", "Macedonia", "Madagascar", "Malawi", "Malaysia", "Maldives", "Mali", "Malta", "Martinique", "Mauritania", "Mauritius", "Mexico", "Moldova", "Monaco", "Mongolia", "Montenegro", "Montserrat", "Morocco", "Mozambique", "Myanmar", "Namibia", "Nauru", "Nepal", "Netherlands", "New Caledonia", "New Zealand", "Nicaragua", "Niger", "Nigeria", "Niue", "Norfolk Island", "North Korea", "Northern Mariana Islands", "Norway", "Oman", "Pakistan", "Palau", "Panama", "Papua New Guinea", "Paraguay", "Peru", "Philippines", "Poland", "Portugal", "Puerto Rico", "Qatar", "Republic of the Congo", "Romania", "Russia", "Rwanda", "Saint Kitts and Nevis", "Saint Lucia", "Saint Vincent and the Grenadines", "Samoa", "San Marino", "Saudi Arabia", "Senegal", "Serbia", "Seychelles", "Sierra Leone", "Singapore", "Slovakia", "Slovenia", "Solomon Islands", "Somalia", "South Africa", "South Korea", "South Sudan", "Spain", "Sri Lanka", "Sudan", "Suriname", "Swaziland", "Sweden", "Switzerland", "Syria", "Taiwan", "Tajikistan", "Tanzania", "Thailand", "Timor-Leste", "Togo", "Tonga", "Trinidad and Tobago", "Tunisia", "Turkey", "Turkmenistan", "Tuvalu", "Uganda", "Ukraine", "United Arab Emirates", "United Kingdom", "United States", "Uruguay", "Uzbekistan", "Vanuatu", "Vatican City", "Venezuela", "Vietnam", "Virgin Islands", "Yemen", "Zambia", "Zimbabwe"], "GROVED BILLED ANI": ["Antigua and Barbuda", "Aruba", "Bahamas", "Barbados", "Belize", "Bermuda", "Cayman Islands", "Colombia", "Cuba", "Dominica", "Dominican Republic", "Grenada", "Guadeloupe", "Guatemala", "Haiti", "Honduras", "Jamaica", "Martinique", "Mexico", "Montserrat", "Netherlands Antilles", "Nicaragua", "Panama", "Puerto Rico", "Saint Kitts and Nevis", "Saint Lucia", "Saint Martin", "Saint Vincent and the Grenadines", "Trinidad and Tobago", "Turks and Caicos Islands", "United States", "Venezuela", "Virgin Islands"], "GUINEA TURACO": ["Benin", "Burkina Faso", "Cameroon", "Central African Republic", "Chad", "Congo", "Democratic Republic of the Congo", "Gabon", "Ghana", "Guinea", "Ivory Coast", "Liberia", "Nigeria", "Rwanda", "Senegal", "Sierra Leone", "Tanzania", "Togo", "Uganda", "Zambia"], "GUINEAFOWL": ["Angola", "Benin", "Botswana", "Burkina Faso", "Burundi", "Cameroon", "Central African Republic", "Chad", "Democratic Republic of the Congo", "Djibouti", "Equatorial Guinea", "Eritrea", "Ethiopia", "Gabon", "Gambia", "Ghana", "Guinea", "Guinea-Bissau", "Ivory Coast", "Kenya", "Lesotho", "Liberia", "Malawi", "Mali", "Mauritania", "Mozambique", "Namibia", "Niger", "Nigeria", "Rwanda", "Senegal", "Sierra Leone", "Somalia", "South Africa", "South Sudan", "Sudan", "Swaziland", "Tanzania", "Togo", "Uganda", "Zambia", "Zimbabwe"], "GURNEYS PITTA": ["Bangladesh", "Bhutan", "Cambodia", "China", "India", "Indonesia", "Laos", "Malaysia", "Myanmar", "Nepal", "Thailand", "Vietnam"], "GYRFALCON": ["Albania", "Algeria", "Andorra", "Angola", "Armenia", "Austria", "Azerbaijan", "Belarus", "Belgium", "Bhutan", "Bosnia and Herzegovina", "Bulgaria", "Canada", "China", "Croatia", "Czech Republic", "Denmark", "Egypt", "Estonia", "Faroe Islands", "Finland", "France", "Georgia", "Germany", "Greenland", "Hungary", "Iceland", "India", "Iran", "Iraq", "Ireland", "Israel", "Italy", "Japan", "Jordan", "Kazakhstan", "North Korea", "South Korea", "Kosovo", "Kuwait", "Kyrgyzstan", "Latvia", "Lebanon", "Libya", "Liechtenstein", "Lithuania", "Luxembourg", "Macedonia", "Malta", "Mexico", "Moldova", "Mongolia", "Montenegro", "Morocco", "Nepal", "Netherlands", "New Zealand", "Norway", "Oman", "Pakistan", "Palestine", "Poland", "Portugal", "Qatar", "Romania", "Russia", "San Marino", "Saudi Arabia", "Serbia", "Slovakia", "Slovenia", "Spain", "Sri Lanka", "Sweden", "Switzerland", "Syria", "Taiwan", "Tajikistan", "Tunisia", "Turkey", "Turkmenistan", "Ukraine", "United Arab Emirates", "United Kingdom", "United States", "Uzbekistan", "Vatican City", "Vietnam", "Yemen"], "HAMERKOP": ["Angola", "Benin", "Botswana", "Burkina Faso", "Burundi", "Cameroon", "Central African Republic", "Chad", "Democratic Republic of the Congo", "Djibouti", "Egypt", "Equatorial Guinea", "Eritrea", "Ethiopia", "Gabon", "Gambia", "Ghana", "Guinea", "Guinea-Bissau", "Ivory Coast", "Kenya", "Lesotho", "Liberia", "Libya", "Malawi", "Mali", "Mauritania", "Mauritius", "Morocco", "Mozambique", "Namibia", "Niger", "Nigeria", "Rwanda", "Sao Tome and Principe", "Senegal", "Seychelles", "Sierra Leone", "Somalia", "South Africa", "South Sudan", "Sudan", "Swaziland", "Tanzania", "Togo", "Tunisia", "Uganda", "Zambia", "Zimbabwe"], "HARLEQUIN DUCK": ["Canada", "Iceland", "Japan", "Norway", "Russia", "United States"], "HARLEQUIN QUAIL": ["Australia", "Bangladesh", "Bhutan", "Brunei", "Cambodia", "China", "India", "Indonesia", "Japan", "Laos", "Malaysia", "Myanmar", "Nepal", "Pakistan", "Philippines", "Singapore", "South Korea", "Sri Lanka", "Taiwan", "Thailand", "Vietnam"], "HARPY EAGLE": ["Argentina", "Belize", "Bolivia", "Brazil", "Colombia", "Costa Rica", "Ecuador", "French Guiana", "Guyana", "Honduras", "Mexico", "Nicaragua", "Panama", "Paraguay", "Peru", "Suriname", "Trinidad and Tobago", "Venezuela"], "HAWAIIAN GOOSE": ["Hawaii"], "HAWFINCH": ["Afghanistan", "Albania", "Algeria", "Andorra", "Armenia", "Austria", "Azerbaijan", "Bahrain", "Bangladesh", "Belarus", "Belgium", "Bhutan", "Bosnia and Herzegovina", "Bulgaria", "China", "Croatia", "Cyprus", "Czech Republic", "Denmark", "Egypt", "Estonia", "Faroe Islands", "Finland", "France", "Georgia", "Germany", "Greece", "Hungary", "India", "Iran", "Iraq", "Ireland", "Israel", "Italy", "Japan", "Jordan", "Kazakhstan", "Kuwait", "Kyrgyzstan", "Latvia", "Lebanon", "Libya", "Liechtenstein", "Lithuania", "Luxembourg", "Macedonia", "Malta", "Moldova", "Monaco", "Mongolia", "Montenegro", "Morocco", "Nepal", "Netherlands", "North Korea", "Norway", "Oman", "Pakistan", "Palestine", "Poland", "Portugal", "Qatar", "Romania", "Russia", "San Marino", "Saudi Arabia", "Serbia", "Slovakia", "Slovenia", "South Korea", "Spain", "Sri Lanka", "Sweden", "Switzerland", "Syria", "Tajikistan", "Tunisia", "Turkey", "Turkmenistan", "Ukraine", "United Arab Emirates", "United Kingdom", "Uzbekistan", "Vatican City", "Vietnam", "Yemen"], "HELMET VANGA": ["Madagascar"], "HEPATIC TANAGER": ["Costa Rica", "Mexico", "Nicaragua", "Panama", "United States"], "HIMALAYAN BLUETAIL": ["Bhutan", "China", "India", "Myanmar", "Nepal"], "HIMALAYAN MONAL": ["Afghanistan", "Bhutan", "China", "India", "Nepal", "Pakistan"], "HOATZIN": ["Bolivia", "Brazil", "Colombia", "Ecuador", "Peru", "Venezuela"], "HOODED MERGANSER": ["Canada", "United States"], "HOOPOES": ["Afghanistan", "Albania", "Algeria", "Andorra", "Angola", "Antigua and Barbuda", "Argentina", "Armenia", "Australia", "Austria", "Azerbaijan", "Bahamas", "Bahrain", "Bangladesh", "Barbados", "Belarus", "Belgium", "Belize", "Benin", "Bhutan", "Bolivia", "Bosnia and Herzegovina", "Botswana", "Brazil", "Brunei", "Bulgaria", "Burkina Faso", "Burundi", "Cabo Verde", "Cambodia", "Cameroon", "Canada", "Central African Republic", "Chad", "Chile", "China", "Colombia", "Comoros", "Congo", "Costa Rica", "Croatia", "Cuba", "Cyprus", "Czech Republic", "Denmark", "Djibouti", "Dominica", "Dominican Republic", "Ecuador", "Egypt", "El Salvador", "Equatorial Guinea", "Eritrea", "Estonia", "Eswatini", "Ethiopia", "Fiji", "Finland", "France", "Gabon", "Gambia", "Georgia", "Germany", "Ghana", "Greece", "Grenada", "Guatemala", "Guinea", "Guinea-Bissau", "Guyana", "Haiti", "Honduras", "Hungary", "Iceland", "India", "Indonesia", "Iran", "Iraq", "Ireland", "Israel", "Italy", "Jamaica", "Japan", "Jordan", "Kazakhstan", "Kenya", "Kiribati", "Kosovo", "Kuwait", "Kyrgyzstan", "Laos", "Latvia", "Lebanon", "Lesotho", "Liberia", "Libya", "Liechtenstein", "Lithuania", "Luxembourg", "Madagascar", "Malawi", "Malaysia", "Maldives", "Mali", "Malta", "Marshall Islands", "Mauritania", "Mauritius", "Mexico", "Micronesia", "Moldova", "Monaco", "Mongolia", "Montenegro", "Morocco", "Mozambique", "Myanmar", "Namibia", "Nauru", "Nepal", "Netherlands", "New Zealand", "Nicaragua", "Niger", "Nigeria", "North Korea", "North Macedonia", "Norway", "Oman", "Pakistan", "Palau", "Palestine", "Panama", "Papua New Guinea", "Paraguay", "Peru", "Philippines", "Poland", "Portugal", "Qatar", "Romania", "Russia", "Rwanda", "Saint Kitts and Nevis", "Saint Lucia", "Saint Vincent and the Grenadines", "Samoa", "San Marino", "Sao Tome and Principe", "Saudi Arabia", "Senegal", "Serbia", "Seychelles", "Sierra Leone", "Singapore", "Slovakia", "Slovenia", "Solomon Islands", "Somalia", "South Africa", "South Korea", "South Sudan", "Spain", "Sri Lanka", "Sudan", "Suriname", "Sweden", "Switzerland", "Syria", "Taiwan", "Tajikistan", "Tanzania", "Thailand", "Timor-Leste", "Togo", "Tonga", "Trinidad and Tobago", "Tunisia", "Turkey", "Turkmenistan", "Tuvalu", "Uganda", "Ukraine", "United Arab Emirates", "United Kingdom", "United States", "Uruguay", "Uzbekistan", "Vanuatu", "Vatican City", "Venezuela", "Vietnam", "Yemen", "Zambia", "Zimbabwe"], "HORNED GUAN": ["Guatemala", "Mexico"], "HORNED LARK": ["Canada", "United States"], "HORNED SUNGEM": ["Argentina", "Bolivia", "Brazil", "Paraguay"], "HOUSE FINCH": ["Canada", "Mexico", "United States"], "HOUSE SPARROW": ["Algeria", "Argentina", "Australia", "Austria", "Azerbaijan", "Bahrain", "Bangladesh", "Belarus", "Belgium", "Belize", "Bosnia and Herzegovina", "Brazil", "Bulgaria", "Canada", "Chile", "China", "Colombia", "Costa Rica", "Croatia", "Cyprus", "Czech Republic", "Denmark", "Dominican Republic", "Ecuador", "Egypt", "El Salvador", "Estonia", "Finland", "France", "Germany", "Greece", "Guatemala", "Honduras", "Hong Kong", "Hungary", "India", "Indonesia", "Iran", "Iraq", "Ireland", "Israel", "Italy", "Jamaica", "Japan", "Jordan", "Kazakhstan", "Kenya", "Kuwait", "Kyrgyzstan", "Latvia", "Lebanon", "Liberia", "Libya", "Lithuania", "Luxembourg", "Macedonia", "Malaysia", "Maldives", "Malta", "Mexico", "Moldova", "Montenegro", "Morocco", "Myanmar", "Nepal", "Netherlands", "New Zealand", "Nigeria", "Norway", "Oman", "Pakistan", "Palestine", "Panama", "Paraguay", "Peru", "Philippines", "Poland", "Portugal", "Qatar", "Romania", "Russia", "Saudi Arabia", "Serbia", "Singapore", "Slovakia", "Slovenia", "South Africa", "South Korea", "Spain", "Sri Lanka", "Sudan", "Sweden", "Switzerland", "Syria", "Taiwan", "Tajikistan", "Tanzania", "Thailand", "Tunisia", "Turkey", "Turkmenistan", "Ukraine", "United Arab Emirates", "United Kingdom", "United States", "Uruguay", "Uzbekistan", "Venezuela", "Vietnam", "Yemen"], "HYACINTH MACAW": ["Brazil", "Paraguay"], "IBERIAN MAGPIE": ["Portugal", "Spain"], "IBISBILL": ["Afghanistan", "China", "India", "Kazakhstan", "Kyrgyzstan", "Mongolia", "Nepal", "Pakistan", "Russia", "Tajikistan", "Uzbekistan"], "IMPERIAL SHAQ": ["Solomon Islands"], "INCA TERN": ["Chile", "Colombia", "Ecuador", "Peru"], "INDIAN BUSTARD": ["India", "Pakistan"], "INDIAN PITTA": ["Bangladesh", "Bhutan", "India", "Laos", "Myanmar", "Nepal", "Thailand"], "INDIAN ROLLER": ["Afghanistan", "Bahrain", "Bangladesh", "Bhutan", "Brunei", "Cambodia", "China", "India", "Indonesia", "Iraq", "Israel", "Jordan", "Kuwait", "Laos", "Lebanon", "Malaysia", "Myanmar", "Nepal", "Oman", "Pakistan", "Palestine", "Philippines", "Qatar", "Saudi Arabia", "Singapore", "Sri Lanka", "Syria", "Thailand", "United Arab Emirates", "Vietnam", "Yemen"], "INDIAN VULTURE": ["Bangladesh", "Bhutan", "Cambodia", "China", "India", "Laos", "Myanmar", "Nepal", "Pakistan", "Vietnam"], "INDIGO BUNTING": ["Canada", "Mexico", "United States"], "INDIGO FLYCATCHER": ["Mexico", "United States"], "INLAND DOTTEREL": ["Australia"], "IVORY BILLED ARACARI": ["Belize", "Brazil", "Colombia", "Costa Rica", "Ecuador", "French Guiana", "Guyana", "Honduras", "Mexico", "Nicaragua", "Panama", "Peru", "Suriname", "Venezuela"], "IVORY GULL": ["Canada", "Denmark", "Faroe Islands", "Greenland", "Iceland", "Norway", "Russia", "Svalbard and Jan Mayen", "United States"], "IWI": ["New Zealand"], "JABIRU": ["Argentina", "Bolivia", "Brazil", "Colombia", "Ecuador", "Guyana", "Paraguay", "Peru", "Suriname", "Uruguay", "Venezuela"], "JACK SNIPE": ["Algeria", "Angola", "Austria", "Bahrain", "Bangladesh", "Belgium", "Bhutan", "Botswana", "British Indian Ocean Territory", "British Virgin Islands", "Brunei", "Bulgaria", "Burma", "Burundi", "Cambodia", "Cameroon", "Canada", "Cape Verde", "Central African Republic", "Chad", "Chile", "China", "Christmas Island", "Cocos Islands", "Comoros", "Cook Islands", "Costa Rica", "Croatia", "Cuba", "Curacao", "Cyprus", "Czech Republic", "Denmark", "Djibouti", "Dominica", "Dominican Republic", "East Timor", "Ecuador", "Egypt", "El Salvador", "Equatorial Guinea", "Eritrea", "Estonia", "Ethiopia", "Falkland Islands", "Faroe Islands", "Fiji", "Finland", "France", "French Polynesia", "Gabon", "Gambia", "Gaza Strip", "Georgia", "Germany", "Ghana", "Gibraltar", "Greece", "Greenland", "Grenada", "Guam", "Guatemala", "Guernsey", "Guinea", "Guinea-Bissau", "Guyana", "Haiti", "Heard Island and McDonald Islands", "Holy See (Vatican City)", "Honduras", "Hong Kong", "Hungary", "Iceland", "India", "Indonesia", "Iran", "Iraq", "Ireland", "Isle of Man", "Israel", "Italy", "Ivory Coast", "Jamaica", "Jan Mayen", "Japan", "Jersey", "Jordan", "Kazakhstan", "Kenya", "Kiribati", "North Korea", "South Korea", "Kosovo", "Kuwait", "Kyrgyzstan", "Laos", "Latvia", "Lebanon", "Lesotho", "Liberia", "Libya", "Liechtenstein", "Lithuania", "Luxembourg", "Macau", "Macedonia", "Madagascar", "Malawi", "Malaysia", "Maldives", "Mali", "Malta", "Marshall Islands", "Mauritania", "Mauritius", "Mayotte", "Mexico", "Micronesia", "Moldova", "Monaco", "Mongolia", "Montenegro", "Montserrat", "Morocco", "Mozambique", "Namibia", "Nauru", "Nepal", "Netherlands", "Netherlands Antilles", "New Caledonia", "Nicaragua", "Niger", "Nigeria", "Niue", "Norfolk Island", "Northern Mariana Islands", "Norway", "Oman", "Pakistan", "Palau", "Panama", "Papua New Guinea", "Paraguay", "Peru", "Philippines", "Pitcairn Islands", "Poland", "Portugal", "Puerto Rico", "Qatar", "Reunion", "Romania", "Russia", "Rwanda", "Saint Barthelemy", "Saint Helena", "Saint Kitts and Nevis", "Saint Lucia", "Saint Martin", "Saint Pierre and Miquelon", "Saint Vincent and the Grenadines", "Samoa", "San Marino", "Sao Tome and Principe", "Saudi Arabia", "Senegal", "Serbia", "Seychelles", "Sierra Leone", "Singapore", "Sint Maarten", "Slovakia", "Slovenia", "Solomon Islands", "Somalia", "South Africa", "South Georgia and the Islands", "South Sudan", "Spain", "Sri Lanka", "Sudan", "Suriname", "Svalbard", "Swaziland", "Sweden", "Switzerland", "Syria", "Taiwan", "Tajikistan", "Tanzania", "Thailand", "Togo", "Tokelau", "Tonga", "Trinidad and Tobago", "Tunisia", "Turkey", "Turkmenistan", "Turks and Caicos Islands", "Tuvalu", "Uganda", "Ukraine", "United Arab Emirates", "United Kingdom", "United States", "Uruguay", "Uzbekistan", "Vanuatu", "Venezuela", "Vietnam", "Virgin Islands", "Wallis and Futuna", "West Bank", "Western Sahara", "Yemen", "Zambia", "Zimbabwe"], "JACOBIN PIGEON": ["Solomon Islands", "Vanuatu"], "JANDAYA PARAKEET": ["Brazil", "Guyana", "Suriname", "Venezuela"], "JAPANESE ROBIN": ["Japan"], "JAVA SPARROW": ["Indonesia"], "JOCOTOCO ANTPITTA": ["Ecuador"], "KAGU": ["New Caledonia"], "KAKAPO": ["New Zealand"], "KILLDEAR": ["Argentina", "Bahamas", "Barbados", "Belize", "Bermuda", "Bolivia", "Brazil", "Canada", "Chile", "Colombia", "Costa Rica", "Cuba", "Dominican Republic", "Ecuador", "El Salvador", "French Guiana", "Guadeloupe", "Guatemala", "Guyana", "Haiti", "Honduras", "Jamaica", "Martinique", "Mexico", "Netherlands Antilles", "Nicaragua", "Panama", "Paraguay", "Peru", "Puerto Rico", "Saint Lucia", "Saint Pierre and Miquelon", "Saint Vincent and the Grenadines", "Suriname", "Trinidad and Tobago", "United States", "Uruguay", "Venezuela", "Virgin Islands"], "KING EIDER": ["Canada", "Denmark", "Faroe Islands", "Greenland", "Iceland", "Norway", "Russia", "Svalbard and Jan Mayen", "United States"], "KING VULTURE": ["Argentina", "Belize", "Bolivia", "Brazil", "Colombia", "Costa Rica", "Ecuador", "El Salvador", "Guatemala", "Honduras", "Mexico", "Nicaragua", "Panama", "Paraguay", "Peru", "Trinidad and Tobago", "Venezuela"], "KIWI": ["New Zealand"], "KNOB BILLED DUCK": ["Argentina", "Australia", "Bolivia", "Brazil", "Chile", "Colombia", "Ecuador", "Falkland Islands", "French Guiana", "Guyana", "Paraguay", "Peru", "Suriname", "Uruguay", "Venezuela"], "KOOKABURRA": ["Australia"], "LARK BUNTING": ["Mexico", "United States"], "LAUGHING GULL": ["United States", "Canada", "Mexico", "Caribbean Islands", "Central America", "South America"], "LAZULI BUNTING": ["United States", "Canada", "Mexico", "Guatemala", "Belize", "Honduras", "El Salvador", "Nicaragua", "Costa Rica", "Panama"], "LESSER ADJUTANT": ["Bangladesh", "Cambodia", "India", "Indonesia", "Laos", "Malaysia", "Myanmar", "Nepal", "Sri Lanka", "Thailand", "Vietnam"], "LILAC ROLLER": ["Angola", "Botswana", "Burundi", "Democratic Republic of the Congo", "Eswatini", "Kenya", "Lesotho", "Malawi", "Mozambique", "Namibia", "Rwanda", "South Africa", "Tanzania", "Uganda", "Zambia", "Zimbabwe"], "LIMPKIN": ["Argentina", "Bahamas", "Belize", "Bolivia", "Brazil", "Colombia", "Costa Rica", "Cuba", "Dominican Republic", "Ecuador", "El Salvador", "Guatemala", "Guyana", "Honduras", "Jamaica", "Mexico", "Nicaragua", "Panama", "Paraguay", "Peru", "Suriname", "Trinidad and Tobago", "United States", "Uruguay", "Venezuela"], "LITTLE AUK": ["Arctic regions"], "LOGGERHEAD SHRIKE": ["United States", "Canada", "Mexico", "Central America", "Caribbean Islands"], "LONG-EARED OWL": ["Eurasia", "North America", "Central America", "South America"], "LOONEY BIRDS": ["Various fictional places"], "LUCIFER HUMMINGBIRD": ["Mexico"], "MAGPIE GOOSE": ["Australia", "Indonesia", "Papua New Guinea"], "MALABAR HORNBILL": ["India"], "MALACHITE KINGFISHER": ["Sub-Saharan Africa", "Arabian Peninsula"], "MALAGASY WHITE EYE": ["Madagascar"], "MALEO": ["Indonesia"], "MALLARD DUCK": ["North America", "Europe", "Asia", "Africa", "Australia"], "MANDRIN DUCK": ["East Asia", "Russia"], "MANGROVE CUCKOO": ["Central America", "South America", "Caribbean Islands"], "MARABOU STORK": ["Africa", "South Asia"], "MASKED BOBWHITE": ["Mexico", "United States"], "MASKED BOOBY": ["Tropical and subtropical regions of the Atlantic, Pacific, and Indian Oceans"], "MASKED LAPWING": ["Australia", "New Zealand"], "MCKAYS BUNTING": ["China", "North Korea", "South Korea", "Russia"], "MERLIN": ["Albania", "Algeria", "Andorra", "Angola", "Anguilla", "Antigua and Barbuda", "Argentina", "Armenia", "Aruba", "Australia", "Austria", "Azerbaijan", "Bahamas", "Bahrain", "Bangladesh", "Barbados", "Belarus", "Belgium", "Belize", "Benin", "Bermuda", "Bhutan", "Bolivia", "Bonaire", "Bosnia and Herzegovina", "Botswana", "Brazil", "British Indian Ocean Territory", "British Virgin Islands", "Brunei", "Bulgaria", "Burkina Faso", "Burundi", "Cabo Verde", "Cambodia", "Cameroon", "Canada", "Cayman Islands", "Central African Republic", "Chad", "Chile", "China", "Christmas Island", "Cocos Islands", "Colombia", "Comoros", "Cook Islands", "Costa Rica", "Croatia", "Cuba", "Curacao", "Cyprus", "Czech Republic", "Democratic Republic of the Congo", "Denmark", "Djibouti", "Dominica", "Dominican Republic", "Ecuador", "Egypt", "El Salvador", "Equatorial Guinea", "Eritrea", "Estonia", "Eswatini", "Ethiopia", "Falkland Islands", "Faroe Islands", "Fiji", "Finland", "France", "French Guiana", "French Polynesia", "Gabon", "Gambia", "Georgia", "Germany", "Ghana", "Gibraltar", "Greece", "Greenland", "Grenada", "Guadeloupe", "Guam", "Guatemala", "Guernsey", "Guinea", "Guinea-Bissau", "Guyana", "Haiti", "Honduras", "Hong Kong", "Hungary", "Iceland", "India", "Indonesia", "Iran", "Iraq", "Ireland", "Isle of Man", "Israel", "Italy", "Ivory Coast", "Jamaica", "Japan", "Jersey", "Jordan", "Kazakhstan", "Kenya", "Kiribati", "Kosovo", "Kuwait", "Kyrgyzstan", "Laos", "Latvia", "Lebanon", "Lesotho", "Liberia", "Libya", "Liechtenstein", "Lithuania", "Luxembourg", "Macao", "Madagascar", "Malawi", "Malaysia", "Maldives", "Mali", "Malta", "Marshall Islands", "Martinique", "Mauritania", "Mauritius", "Mayotte", "Mexico", "Micronesia", "Moldova", "Monaco", "Mongolia", "Montenegro", "Montserrat", "Morocco", "Mozambique", "Myanmar", "Namibia", "Nauru", "Nepal", "Netherlands", "New Caledonia", "New Zealand", "Nicaragua", "Niger", "Nigeria", "Niue", "Norfolk Island", "North Korea", "North Macedonia", "Northern Mariana Islands", "Norway", "Oman", "Pakistan", "Palau", "Palestine", "Panama", "Papua New Guinea", "Paraguay", "Peru", "Philippines", "Pitcairn Islands", "Poland", "Portugal", "Puerto Rico", "Qatar", "Republic of the Congo", "Reunion", "Romania", "Russia", "Rwanda", "Saint Barthelemy", "Saint Helena", "Saint Kitts and Nevis", "Saint Lucia", "Saint Martin", "Saint Pierre and Miquelon", "Saint Vincent and the Grenadines", "Samoa", "San Marino", "Sao Tome and Principe", "Saudi Arabia", "Senegal", "Serbia", "Seychelles", "Sierra Leone", "Singapore", "Sint Maarten", "Slovakia", "Slovenia", "Solomon Islands", "Somalia", "South Africa", "South Korea", "South Sudan", "Spain", "Sri Lanka", "Sudan", "Suriname", "Sweden", "Switzerland", "Syria", "Taiwan", "Tajikistan", "Tanzania", "Thailand", "Timor-Leste", "Togo", "Tokelau", "Tonga", "Trinidad and Tobago", "Tunisia", "Turkey", "Turkmenistan", "Turks and Caicos Islands", "Tuvalu", "Uganda", "Ukraine", "United Arab Emirates", "United Kingdom", "United States", "Uruguay", "Uzbekistan", "Vanuatu", "Vatican City", "Venezuela", "Vietnam", "Wallis and Futuna", "Yemen", "Zambia", "Zimbabwe"], "MIKADO PHEASANT": ["China", "Japan", "Taiwan"], "MILITARY MACAW": ["Belize", "Bolivia", "Brazil", "Colombia", "Costa Rica", "Ecuador", "El Salvador", "Guatemala", "Honduras", "Mexico", "Nicaragua", "Panama", "Peru", "Venezuela"], "MOURNING DOVE": ["Antigua and Barbuda", "Argentina", "Bahamas", "Barbados", "Belize", "Bermuda", "Bolivia", "Brazil", "Canada", "Cayman Islands", "Chile", "Colombia", "Costa Rica", "Cuba", "Dominica", "Dominican Republic", "Ecuador", "El Salvador", "French Guiana", "Grenada", "Guadeloupe", "Guatemala", "Guyana", "Haiti", "Honduras", "Jamaica", "Martinique", "Mexico", "Netherlands Antilles", "Nicaragua", "Panama", "Paraguay", "Peru", "Puerto Rico", "Saint Kitts and Nevis", "Saint Lucia", "Saint Pierre and Miquelon", "Saint Vincent and the Grenadines", "Suriname", "Trinidad and Tobago", "Turks and Caicos Islands", "United States", "Uruguay", "Venezuela", "Virgin Islands"], "MYNA": ["India", "Nepal", "Pakistan", "Sri Lanka"], "NICOBAR PIGEON": ["India", "Indonesia", "Myanmar", "Philippines", "Thailand"], "NOISY FRIARBIRD": ["Australia", "Indonesia", "New Guinea", "Solomon Islands", "Vanuatu"], "NORTHERN BEARDLESS TYRANNULET": ["Bolivia", "Brazil", "Colombia", "Costa Rica", "Ecuador", "Panama", "Peru", "Venezuela"], "NORTHERN CARDINAL": ["Canada", "Mexico", "United States"], "NORTHERN FLICKER": ["Canada", "Mexico", "United States"], "NORTHERN FULMAR": ["Canada", "Denmark", "Faroe Islands", "France", "Greenland", "Iceland", "Ireland", "Norway", "Russia", "Svalbard and Jan Mayen", "United Kingdom", "United States"], "NORTHERN GANNET": ["Canada", "France", "Ireland", "Netherlands", "Norway", "Portugal", "Spain", "United Kingdom"], "NORTHERN GOSHAWK": ["Afghanistan", "Albania", "Algeria", "Andorra", "Armenia", "Austria", "Azerbaijan", "Belarus", "Belgium", "Bosnia and Herzegovina", "Bulgaria", "Canada", "China", "Croatia", "Cyprus", "Czech Republic", "Denmark", "Estonia", "Finland", "France", "Georgia", "Germany", "Greece", "Hungary", "Iceland", "India", "Iran", "Iraq", "Ireland", "Israel", "Italy", "Japan", "Jordan", "Kazakhstan", "Kuwait", "Kyrgyzstan", "Latvia", "Lebanon", "Liechtenstein", "Lithuania", "Luxembourg", "Macedonia", "Malta", "Mexico", "Moldova", "Mongolia", "Montenegro", "Morocco", "Netherlands", "New Zealand", "Norway", "Oman", "Pakistan", "Poland", "Portugal", "Qatar", "Romania", "Russia", "Saudi Arabia", "Serbia", "Singapore", "Slovakia", "Slovenia", "South Korea", "Spain", "Sweden", "Switzerland", "Syria", "Tajikistan", "Tunisia", "Turkey", "Turkmenistan", "Ukraine", "United Arab Emirates", "United Kingdom", "United States", "Uzbekistan", "Yemen"], "NORTHERN JACANA": ["Belize", "Bolivia", "Brazil", "Colombia", "Costa Rica", "Ecuador", "French Guiana", "Guatemala", "Guyana", "Honduras", "Mexico", "Nicaragua", "Panama", "Peru", "Suriname", "Trinidad and Tobago", "Venezuela"], "NORTHERN MOCKINGBIRD": ["Bahamas", "Belize", "Bermuda", "Canada", "Cayman Islands", "Costa Rica", "Cuba", "Dominican Republic", "El Salvador", "Guatemala", "Honduras", "Jamaica", "Mexico", "Nicaragua", "Panama", "United States"], "NORTHERN PARULA": ["Bahamas", "Belize", "Bermuda", "Canada", "Cayman Islands", "Cuba", "Dominica", "Dominican Republic", "Guadeloupe", "Haiti", "Honduras", "Jamaica", "Mexico", "Montserrat", "Puerto Rico", "Saint Kitts and Nevis", "Saint Lucia", "Trinidad and Tobago", "Turks and Caicos Islands", "United States", "Virgin Islands"], "NORTHERN RED BISHOP": ["Angola", "Botswana", "Burundi", "Cameroon", "Democratic Republic of the Congo", "Equatorial Guinea", "Eritrea", "Ethiopia", "Gabon", "Kenya", "Malawi", "Mozambique", "Namibia", "Nigeria", "Rwanda", "Somalia", "South Africa", "South Sudan", "Swaziland", "Tanzania", "Uganda", "Zambia", "Zimbabwe"], "NORTHERN SHOVELER": ["Albania", "Algeria", "Andorra", "Angola", "Armenia", "Austria", "Azerbaijan", "Bahrain", "Bangladesh", "Belarus", "Belgium", "Belize", "Benin", "Bhutan", "Bosnia and Herzegovina", "Botswana", "Bulgaria", "Burkina Faso", "Burundi", "Cambodia", "Cameroon", "Canada", "Central African Republic", "Chad", "China", "Comoros", "Congo", "Croatia", "Cyprus", "Czech Republic", "Denmark", "Djibouti", "Egypt", "Equatorial Guinea", "Eritrea", "Estonia", "Ethiopia", "Faroe Islands", "Fiji", "Finland", "France", "Gabon", "Gambia", "Georgia", "Germany", "Ghana", "Gibraltar", "Greece", "Greenland", "Guatemala", "Guinea", "Guinea-Bissau", "Guyana", "Haiti", "Honduras", "Hong Kong", "Hungary", "Iceland", "India", "Indonesia", "Iran", "Iraq", "Ireland", "Israel", "Italy", "Ivory Coast", "Japan", "Jordan", "Kazakhstan", "Kenya", "Kuwait", "Kyrgyzstan", "Laos", "Latvia", "Lebanon", "Lesotho", "Liberia", "Libya", "Liechtenstein", "Lithuania", "Luxembourg", "Macau", "Macedonia", "Madagascar", "Malawi", "Malaysia", "Maldives", "Mali", "Malta", "Martinique", "Mauritania", "Mauritius", "Mayotte", "Mexico", "Moldova", "Monaco", "Mongolia", "Montenegro", "Morocco", "Mozambique", "Myanmar", "Namibia", "Nepal", "Netherlands", "Netherlands Antilles", "New Caledonia", "New Zealand", "Nicaragua", "Niger", "Nigeria", "North Korea", "Northern Mariana Islands", "Norway", "Oman", "Pakistan", "Palestinian Territories", "Panama", "Papua New Guinea", "Paraguay", "Peru", "Philippines", "Poland", "Portugal", "Puerto Rico", "Qatar", "Republic of the Congo", "Romania", "Russia", "Rwanda", "Saint Helena", "Saint Kitts and Nevis", "Saint Lucia", "Saint Pierre and Miquelon", "Saint Vincent and the Grenadines", "Samoa", "Saudi Arabia", "Senegal", "Serbia", "Seychelles", "Sierra Leone", "Singapore", "Slovakia", "Slovenia", "Solomon Islands", "Somalia", "South Africa", "South Korea", "South Sudan", "Spain", "Sri Lanka", "Sudan", "Suriname", "Swaziland", "Sweden", "Switzerland", "Syria", "Taiwan", "Tajikistan", "Tanzania", "Thailand", "Togo", "Tonga", "Trinidad and Tobago", "Tunisia", "Turkey", "Turkmenistan", "Uganda", "Ukraine", "United Arab Emirates", "United Kingdom", "United States", "Uruguay", "Uzbekistan", "Vanuatu", "Vatican City", "Venezuela", "Vietnam", "Western Sahara", "Yemen", "Zambia", "Zimbabwe"], "OCELLATED TURKEY": ["Belize", "Guatemala", "Mexico"], "OILBIRD": ["Colombia", "Ecuador", "Trinidad and Tobago", "Venezuela"], "OKINAWA RAIL": ["Japan"], "ORANGE BREASTED TROGON": ["Belize", "Costa Rica", "Guatemala", "Honduras", "Mexico", "Nicaragua", "Panama"], "ORANGE BRESTED BUNTING": ["Argentina", "Bolivia", "Brazil", "Chile", "Colombia", "Ecuador", "Guyana", "Paraguay", "Peru", "Suriname", "Uruguay", "Venezuela"], "ORIENTAL BAY OWL": ["Bangladesh", "Bhutan", "Cambodia", "China", "India", "Indonesia", "Laos", "Malaysia", "Myanmar", "Nepal", "Thailand", "Vietnam"], "ORNATE HAWK EAGLE": ["Bangladesh", "Bhutan", "Cambodia", "China", "India", "Indonesia", "Laos", "Malaysia", "Myanmar", "Nepal", "Thailand", "Vietnam"], "OSPREY": ["Africa", "Asia", "Europe", "North America", "Oceania", "South America"], "OSTRICH": ["Angola", "Botswana", "Kenya", "Lesotho", "Malawi", "Mozambique", "Namibia", "Somalia", "South Africa", "South Sudan", "Sudan", "Swaziland", "Tanzania", "Uganda", "Zambia", "Zimbabwe"], "OVENBIRD": ["Argentina", "Bolivia", "Brazil", "Canada", "Chile", "Colombia", "Costa Rica", "Ecuador", "El Salvador", "Guatemala", "Honduras", "Mexico", "Nicaragua", "Panama", "Paraguay", "Peru", "United States", "Venezuela"], "OYSTER CATCHER": ["Africa", "Asia", "Europe", "North America", "Oceania", "South America"], "PAINTED BUNTING": ["Bahamas", "Belize", "Bermuda", "Canada", "Cayman Islands", "Costa Rica", "Cuba", "El Salvador", "Guatemala", "Honduras", "Mexico", "Nicaragua", "Panama", "Puerto Rico", "United States"], "PALILA": ["United States"], "PALM NUT VULTURE": ["Benin", "Burkina Faso", "Cameroon", "Central African Republic", "Chad", "Democratic Republic of the Congo", "Eritrea", "Ethiopia", "Gambia", "Ghana", "Guinea", "Guinea-Bissau", "Ivory Coast", "Kenya", "Mali", "Mauritania", "Niger", "Nigeria", "Senegal", "Sierra Leone", "South Sudan", "Sudan", "Togo", "Uganda"], "PARADISE TANAGER": ["Bolivia", "Brazil", "Colombia", "Ecuador", "Peru", "Venezuela"], "PARAKETT AUKLET": ["Canada", "China", "Japan", "North Korea", "Russia", "South Korea", "United States"], "PARUS MAJOR": ["Europe", "Asia", "North Africa"], "PATAGONIAN SIERRA FINCH": ["Argentina", "Chile"], "PEACOCK": ["India", "Sri Lanka"], "PEREGRINE FALCON": ["Almost worldwide"], "PHAINOPEPLA": ["Mexico", "United States"], "PHILIPPINE EAGLE": ["Philippines"], "PINK ROBIN": ["Australia"], "PLUSH CRESTED JAY": ["Argentina", "Bolivia", "Brazil", "Chile", "Colombia", "Ecuador", "Paraguay", "Peru"], "POMARINE JAEGER": ["Alaska", "Canada", "Europe", "Greenland", "Iceland", "Norway", "Russia", "Siberia"], "PUFFIN": ["Arctic regions", "Europe", "North America"], "PUNA TEAL": ["South America"], "PURPLE FINCH": ["Canada", "United States"], "PURPLE GALLINULE": ["Africa", "Asia", "Australia", "Europe", "North America", "South America"], "PURPLE MARTIN": ["Americas"], "PURPLE SWAMPHEN": ["Africa", "Asia", "Europe"], "PYGMY KINGFISHER": ["Australia"], "PYRRHULOXIA": ["Mexico", "United States"], "QUETZAL": ["Central America", "South America"], "RAINBOW LORIKEET": ["Australia"], "RAZORBILL": ["Atlantic coasts"], "RED BEARDED BEE EATER": ["Borneo", "Brunei", "Indonesia", "Malaysia", "Myanmar", "Singapore", "Thailand"], "RED BELLIED PITTA": ["Indonesia", "Malaysia", "Thailand"], "RED BILLED TROPICBIRD": ["Atlantic", "Indian", "Pacific oceans"], "RED BROWED FINCH": ["Australia"], "RED CROSSBILL": ["North America"], "RED FACED CORMORANT": ["Alaska", "Canada", "Japan", "Korea", "Russia", "United States"], "RED FACED WARBLER": ["Mexico", "United States"], "RED FODY": ["American Samoa", "Australia", "Cook Islands", "Fiji", "French Polynesia", "Guam", "Kiribati", "Marshall Islands", "Micronesia", "Nauru", "New Caledonia", "New Zealand", "Niue", "Norfolk Island", "Northern Mariana Islands", "Palau", "Papua New Guinea", "Pitcairn Islands", "Samoa", "Solomon Islands", "Tokelau", "Tonga", "Tuvalu", "Vanuatu", "Wallis and Futuna"], "RED HEADED DUCK": ["Mexico"], "RED HEADED WOODPECKER": ["Canada", "United States"], "RED KNOT": ["Argentina", "Australia", "Bahamas", "Barbados", "Belgium", "Belize", "Bermuda", "Brazil", "Canada", "Chile", "Colombia", "Costa Rica", "Cuba", "Denmark", "Dominican Republic", "Ecuador", "France", "Germany", "Greenland", "Guadeloupe", "Guatemala", "Guyana", "Honduras", "Iceland", "Ireland", "Jamaica", "Japan", "Luxembourg", "Martinique", "Mexico", "Netherlands", "New Zealand", "Nicaragua", "Norway", "Panama", "Peru", "Portugal", "Puerto Rico", "Saint Pierre and Miquelon", "South Africa", "Spain", "Suriname", "Sweden", "Trinidad and Tobago", "United Kingdom", "United States", "Uruguay", "Venezuela", "Virgin Islands"], "RED LEGGED HONEYCREEPER": ["Antigua and Barbuda", "Barbados", "Belize", "Colombia", "Costa Rica", "Dominica", "Dominican Republic", "Ecuador", "El Salvador", "Guatemala", "Honduras", "Jamaica", "Mexico", "Nicaragua", "Panama", "Saint Kitts and Nevis", "Saint Lucia", "Trinidad and Tobago", "Venezuela"], "RED NAPED TROGON": ["Argentina", "Belize", "Bolivia", "Brazil", "Colombia", "Costa Rica", "Ecuador", "El Salvador", "Guatemala", "Honduras", "Mexico", "Nicaragua", "Panama", "Paraguay", "Peru", "United States", "Venezuela"], "RED SHOULDERED HAWK": ["Argentina", "Belize", "Bolivia", "Brazil", "Canada", "Chile", "Colombia", "Costa Rica", "Ecuador", "El Salvador", "French Guiana", "Guatemala", "Guyana", "Honduras", "Mexico", "Nicaragua", "Panama", "Paraguay", "Peru", "Suriname", "Trinidad and Tobago", "United States", "Venezuela"], "RED TAILED HAWK": ["Canada", "Mexico", "United States"], "RED TAILED THRUSH": ["Brazil"], "RED WINGED BLACKBIRD": ["Canada", "Mexico", "United States"], "RED WISKERED BULBUL": ["Bangladesh", "Bhutan", "Brunei", "Cambodia", "China", "India", "Indonesia", "Laos", "Malaysia", "Myanmar", "Nepal", "Singapore", "Sri Lanka", "Thailand", "Vietnam"], "REGENT BOWERBIRD": ["Australia"], "RING-NECKED PHEASANT": ["Afghanistan", "Albania", "Algeria", "Andorra", "Armenia", "Austria", "Azerbaijan", "Belarus", "Belgium", "Bhutan", "Bosnia and Herzegovina", "Bulgaria", "China", "Croatia", "Cyprus", "Czech Republic", "Denmark", "Estonia", "Finland", "France", "Georgia", "Germany", "Greece", "Hungary", "India", "Iran", "Iraq", "Israel", "Italy", "Japan", "Jordan", "Kazakhstan", "Kuwait", "Kyrgyzstan", "Latvia", "Lebanon", "Liechtenstein", "Lithuania", "Luxembourg", "Macedonia", "Malta", "Moldova", "Mongolia", "Montenegro", "Morocco", "Netherlands", "North Korea", "Norway", "Pakistan", "Palestine", "Poland", "Portugal", "Romania", "Russia", "San Marino", "Saudi Arabia", "Serbia", "Slovakia", "Slovenia", "South Korea", "Spain", "Sweden", "Switzerland", "Syria", "Tajikistan", "Tunisia", "Turkey", "Turkmenistan", "Ukraine", "United Kingdom", "Uzbekistan", "Yemen"], "ROADRUNNER": ["Mexico", "United States"], "ROCK DOVE": ["Worldwide"], "ROSE BREASTED COCKATOO": ["Australia"], "ROSE BREASTED GROSBEAK": ["Canada", "Mexico", "United States"], "ROSEATE SPOONBILL": ["Argentina", "Bahamas", "Belize", "Bermuda", "Bolivia", "Brazil", "Canada", "Chile", "Colombia", "Costa Rica", "Cuba", "Dominican Republic", "Ecuador", "El Salvador", "French Guiana", "Guatemala", "Guyana", "Honduras", "Jamaica", "Mexico", "Nicaragua", "Panama", "Paraguay", "Peru", "Puerto Rico", "Suriname", "Trinidad and Tobago", "United States", "Uruguay", "Venezuela", "Virgin Islands"], "ROSY FACED LOVEBIRD": ["Angola", "Botswana", "Burundi", "Democratic Republic of the Congo", "Kenya", "Malawi", "Mozambique", "Namibia", "Rwanda", "South Africa", "Swaziland", "Tanzania", "Uganda", "Zambia", "Zimbabwe"], "ROUGH LEG BUZZARD": ["Afghanistan", "Albania", "Algeria", "Andorra", "Armenia", "Austria", "Azerbaijan", "Belarus", "Belgium", "Bosnia and Herzegovina", "Bulgaria", "Croatia", "Cyprus", "Czech Republic", "Denmark", "Egypt", "Estonia", "Finland", "France", "Georgia", "Germany", "Greece", "Hungary", "Iran", "Iraq", "Ireland", "Israel", "Italy", "Jordan", "Kazakhstan", "Kosovo", "Kuwait", "Kyrgyzstan", "Latvia", "Lebanon", "Libya", "Liechtenstein", "Lithuania", "Luxembourg", "Macedonia", "Malta", "Moldova", "Monaco", "Montenegro", "Morocco", "Netherlands", "Norway", "Oman", "Palestine", "Poland", "Portugal", "Qatar", "Romania", "Russia", "San Marino", "Saudi Arabia", "Serbia", "Slovakia", "Slovenia", "Spain", "Sweden", "Switzerland", "Syria", "Tajikistan", "Tunisia", "Turkey", "Turkmenistan", "Ukraine", "United Arab Emirates", "United Kingdom", "Uzbekistan", "Vatican City", "Western Sahara", "Yemen"], "ROYAL FLYCATCHER": ["Argentina", "Belize", "Bolivia", "Brazil", "Colombia", "Costa Rica", "Ecuador", "El Salvador", "Guatemala", "Honduras", "Mexico", "Nicaragua", "Panama", "Paraguay", "Peru", "United States", "Venezuela"], "RUBY CROWNED KINGLET": ["Canada", "Mexico", "United States"], "RUBY THROATED HUMMINGBIRD": ["Canada", "Mexico", "United States"], "RUDDY SHELDUCK": ["Afghanistan", "Armenia", "Azerbaijan", "Bangladesh", "Bhutan", "China", "Egypt", "India", "Iran", "Iraq", "Israel", "Jordan", "Kazakhstan", "Kyrgyzstan", "Lebanon", "Mongolia", "Myanmar", "Nepal", "Oman", "Pakistan", "Palestine", "Russia", "Saudi Arabia", "Syria", "Tajikistan", "Turkey", "Turkmenistan", "United Arab Emirates", "Uzbekistan", "Yemen"], "RUDY KINGFISHER": ["Indonesia", "Malaysia", "Singapore", "Thailand"], "RUFOUS KINGFISHER": ["Australia", "Indonesia", "New Guinea"], "RUFOUS TREPE": ["Colombia", "Costa Rica", "Ecuador", "Nicaragua", "Panama", "Peru", "Venezuela"], "RUFUOS MOTMOT": ["Belize", "Costa Rica", "El Salvador", "Guatemala", "Honduras", "Mexico", "Nicaragua", "Panama"], "SAMATRAN THRUSH": ["Indonesia"], "SAND MARTIN": ["Afghanistan", "Albania", "Algeria", "Angola", "Antigua and Barbuda", "Argentina", "Armenia", "Australia", "Austria", "Azerbaijan", "Bahamas", "Bahrain", "Bangladesh", "Barbados", "Belarus", "Belgium", "Belize", "Benin", "Bhutan", "Bolivia", "Bosnia and Herzegovina", "Botswana", "Brazil", "Brunei", "Bulgaria", "Burkina Faso", "Burundi", "Cambodia", "Cameroon", "Canada", "Cape Verde", "Central African Republic", "Chad", "Chile", "China", "Colombia", "Comoros", "Congo", "Costa Rica", "Croatia", "Cuba", "Cyprus", "Czech Republic", "Denmark", "Djibouti", "Dominica", "Dominican Republic", "East Timor", "Ecuador", "Egypt", "El Salvador", "Equatorial Guinea", "Eritrea", "Estonia", "Ethiopia", "Fiji", "Finland", "France", "Gabon", "Gambia", "Georgia", "Germany", "Ghana", "Greece", "Grenada", "Guatemala", "Guinea", "Guinea-Bissau", "Guyana", "Haiti", "Honduras", "Hungary", "Iceland", "India", "Indonesia", "Iran", "Iraq", "Ireland", "Israel", "Italy", "Ivory Coast", "Jamaica", "Japan", "Jordan", "Kazakhstan", "Kenya", "Kiribati", "Kuwait", "Kyrgyzstan", "Laos", "Latvia", "Lebanon", "Lesotho", "Liberia", "Libya", "Liechtenstein", "Lithuania", "Luxembourg", "Macedonia", "Madagascar", "Malawi", "Malaysia", "Maldives", "Mali", "Malta", "Marshall Islands", "Mauritania", "Mauritius", "Mexico", "Micronesia", "Moldova", "Monaco", "Mongolia", "Montenegro", "Morocco", "Mozambique", "Myanmar", "Namibia", "Nauru", "Nepal", "Netherlands", "New Zealand", "Nicaragua", "Niger", "Nigeria", "North Korea", "Norway", "Oman", "Pakistan", "Palau", "Panama", "Papua New Guinea", "Paraguay", "Peru", "Philippines", "Poland", "Portugal", "Qatar", "Republic of the Congo", "Romania", "Russia", "Rwanda", "Saint Kitts and Nevis", "Saint Lucia", "Saint Vincent and the Grenadines", "Samoa", "San Marino", "Sao Tome and Principe", "Saudi Arabia", "Senegal", "Serbia", "Seychelles", "Sierra Leone", "Singapore", "Slovakia", "Slovenia", "Solomon Islands", "Somalia", "South Africa", "South Korea", "South Sudan", "Spain", "Sri Lanka", "Sudan", "Suriname", "Swaziland", "Sweden", "Switzerland", "Syria", "Tajikistan", "Tanzania", "Thailand", "Togo", "Tonga", "Trinidad and Tobago", "Tunisia", "Turkey", "Turkmenistan", "Tuvalu", "Uganda", "Ukraine", "United Arab Emirates", "United Kingdom", "United States", "Uruguay", "Uzbekistan", "Vanuatu", "Vatican City", "Venezuela", "Vietnam", "Yemen", "Zambia", "Zimbabwe"], "SANDHILL CRANE": ["Canada", "Mexico", "United States"], "SATYR TRAGOPAN": ["Bhutan", "China", "India", "Myanmar", "Nepal"], "SAYS PHOEBE": ["Canada", "Mexico", "United States"], "SCARLET CROWNED FRUIT DOVE": ["Australia", "Indonesia", "New Guinea"], "SCARLET FACED LIOCICHLA": ["China", "Taiwan"], "SCARLET IBIS": ["Argentina", "Bolivia", "Brazil", "Colombia", "Ecuador", "French Guiana", "Guyana", "Peru", "Suriname", "Trinidad and Tobago", "Venezuela"], "SCARLET MACAW": ["Belize", "Bolivia", "Brazil", "Colombia", "Costa Rica", "Ecuador", "Guatemala", "Honduras", "Mexico", "Nicaragua", "Panama", "Peru", "Venezuela"], "SCARLET TANAGER": ["Belize", "Bolivia", "Brazil", "Colombia", "Costa Rica", "Ecuador", "El Salvador", "Guatemala", "Honduras", "Mexico", "Nicaragua", "Panama", "Peru", "Trinidad and Tobago", "United States", "Venezuela"], "SHOEBILL": ["Burundi", "Congo", "Ethiopia", "Rwanda", "South Sudan", "Tanzania", "Uganda", "Zambia", "Zimbabwe"], "SHORT BILLED DOWITCHER": ["Argentina", "Bahamas", "Barbados", "Belize", "Bermuda", "Canada", "Cayman Islands", "Colombia", "Costa Rica", "Cuba", "Dominican Republic", "Ecuador", "El Salvador", "Guatemala", "Haiti", "Honduras", "Jamaica", "Mexico", "Netherlands Antilles", "Nicaragua", "Panama", "Puerto Rico", "Saint Pierre and Miquelon", "Trinidad and Tobago", "Turks and Caicos Islands", "United States", "Venezuela"], "SMITHS LONGSPUR": ["Canada", "United States"], "SNOW GOOSE": ["Canada", "Mexico", "United States"], "SNOW PARTRIDGE": ["Afghanistan", "China", "India", "Kazakhstan", "Kyrgyzstan", "Nepal", "Pakistan", "Tajikistan", "Uzbekistan"], "SNOWY EGRET": ["Africa", "Asia", "Australia", "Europe", "North America", "South America"], "SNOWY OWL": ["Arctic regions of North America", "Europe", "Asia"], "SNOWY PLOVER": ["North and South America", "Europe", "Africa", "Asia", "Australia"], "SNOWY SHEATHBILL": ["Antarctica"], "SORA": ["North and Central America", "Caribbean"], "SPANGLED COTINGA": ["South America"], "SPLENDID WREN": ["Australia"], "SPOON BILED SANDPIPER": ["North and South America", "Europe", "Africa", "Asia", "Australia"], "SPOTTED CATBIRD": ["Australia", "Papua New Guinea", "Indonesia"], "SPOTTED WHISTLING DUCK": ["Australia", "Indonesia", "Papua New Guinea"], "SQUACCO HERON": ["Europe", "Asia", "Africa"], "SRI LANKA BLUE MAGPIE": ["Sri Lanka"], "STEAMER DUCK": ["South America", "Falkland Islands"], "STORK BILLED KINGFISHER": ["Southeast Asia"], "STRIATED CARACARA": ["South America"], "STRIPED OWL": ["South America"], "STRIPPED MANAKIN": ["Central and South America"], "STRIPPED SWALLOW": ["South America", "Central America", "North America"], "SUNBITTERN": ["Central and South America"], "SUPERB STARLING": ["Africa"], "SURF SCOTER": ["Canada", "Greenland", "Iceland", "Norway", "Russia", "United States"], "SWINHOES PHEASANT": ["China", "Taiwan"], "TAILORBIRD": ["Afghanistan", "Bangladesh", "Bhutan", "Cambodia", "China", "India", "Indonesia", "Laos", "Malaysia", "Myanmar", "Nepal", "Pakistan", "Sri Lanka", "Thailand", "Vietnam"], "TAIWAN MAGPIE": ["Taiwan"], "TAKAHE": ["New Zealand"], "TASMANIAN HEN": ["Australia"], "TAWNY FROGMOUTH": ["Australia", "Indonesia", "Papua New Guinea"], "TEAL DUCK": ["Asia", "Europe", "North America"], "TIT MOUSE": ["Europe", "Asia", "North Africa"], "TOUCHAN": ["China"], "TOWNSENDS WARBLER": ["Canada", "United States"], "TREE SWALLOW": ["North America"], "TRICOLORED BLACKBIRD": ["North America"], "TROPICAL KINGBIRD": ["Americas"], "TRUMPTER SWAN": ["North America"], "TURKEY VULTURE": ["Americas"], "TURQUOISE MOTMOT": ["Belize", "Bolivia", "Brazil", "Colombia", "Costa Rica", "Ecuador", "El Salvador", "Guatemala", "Honduras", "Mexico", "Nicaragua", "Panama", "Peru", "Venezuela"], "UMBRELLA BIRD": ["Colombia", "Ecuador", "Panama", "Peru"], "VARIED THRUSH": ["Canada", "United States"], "VEERY": ["Canada", "United States"], "VENEZUELIAN TROUPIAL": ["Colombia", "Ecuador", "Venezuela"], "VERDIN": ["United States", "Mexico"], "VERMILION FLYCATHER": ["Argentina", "Bolivia", "Brazil", "Colombia", "Ecuador", "Guyana", "Paraguay", "Peru", "Suriname", "Venezuela"], "VICTORIA CROWNED PIGEON": ["Indonesia"], "VIOLET BACKED STARLING": ["Angola", "Botswana", "Burundi", "Democratic Republic of the Congo", "Eritrea", "Ethiopia", "Kenya", "Malawi", "Mozambique", "Namibia", "Rwanda", "Somalia", "South Africa", "South Sudan", "Sudan", "Swaziland", "Tanzania", "Uganda", "Zambia", "Zimbabwe"], "VIOLET CUCKOO": ["Bangladesh", "Bhutan", "Brunei", "Cambodia", "China", "India", "Indonesia", "Laos", "Malaysia", "Myanmar", "Nepal", "Philippines", "Singapore", "Sri Lanka", "Thailand", "Vietnam"], "VIOLET GREEN SWALLOW": ["Canada", "United States", "Mexico"], "VIOLET TURACO": ["Angola", "Burundi", "Cameroon", "Central African Republic", "Democratic Republic of the Congo", "Equatorial Guinea", "Gabon", "Kenya", "Malawi", "Mozambique", "Rwanda", "South Sudan", "Tanzania", "Uganda", "Zambia", "Zimbabwe"], "VISAYAN HORNBILL": ["Philippines"], "VULTURINE GUINEAFOWL": ["Kenya", "Somalia", "Tanzania"], "WALL CREAPER": ["Argentina", "Bolivia", "Brazil", "Chile", "Paraguay", "Uruguay"], "WATTLED CURASSOW": ["Brazil", "Colombia", "Ecuador", "Peru"], "WATTLED LAPWING": ["Angola", "Botswana", "Burundi", "Democratic Republic of the Congo", "Kenya", "Lesotho", "Malawi", "Mozambique", "Namibia", "Rwanda", "South Africa", "South Sudan", "Swaziland", "Tanzania", "Uganda", "Zambia", "Zimbabwe"], "WHIMBREL": ["Australia", "Bangladesh", "Belgium", "Canada", "China", "Denmark", "Estonia", "Finland", "France", "Germany", "Hong Kong", "India", "Indonesia", "Ireland", "Italy", "Japan", "Kenya", "Latvia", "Lithuania", "Malaysia", "Maldives", "Mexico", "Mozambique", "Netherlands", "New Zealand", "Norway", "Pakistan", "Philippines", "Portugal", "Russia", "Singapore", "South Africa", "South Korea", "Spain", "Sri Lanka", "Sweden", "Taiwan", "Tanzania", "Thailand", "United Arab Emirates", "United Kingdom", "United States"], "WHITE BREASTED WATERHEN": ["Afghanistan", "Bangladesh", "Bhutan", "Brunei", "Cambodia", "China", "Hong Kong", "India", "Indonesia", "Japan", "Laos", "Malaysia", "Myanmar", "Nepal", "Pakistan", "Philippines", "Singapore", "Sri Lanka", "Taiwan", "Thailand", "Vietnam"], "WHITE BROWED CRAKE": ["Argentina", "Belize", "Bolivia", "Brazil", "Colombia", "Costa Rica", "Ecuador", "El Salvador", "Guatemala", "Guyana", "Honduras", "Mexico", "Nicaragua", "Panama", "Paraguay", "Peru", "Suriname", "Trinidad and Tobago", "Venezuela"], "WHITE CHEEKED TURACO": ["Ethiopia", "Kenya", "South Sudan", "Uganda"], "WHITE CRESTED HORNBILL": ["Bhutan", "Brunei", "Cambodia", "China", "India", "Indonesia", "Laos", "Malaysia", "Myanmar", "Nepal", "Philippines", "Thailand", "Vietnam"], "WHITE EARED HUMMINGBIRD": ["Belize", "Costa Rica", "El Salvador", "Guatemala", "Honduras", "Mexico", "Nicaragua", "Panama"], "WHITE NECKED RAVEN": ["Ethiopia"], "WHITE TAILED TROPIC": ["Australia", "Brunei", "Cambodia", "China", "Christmas Island", "Cocos (Keeling) Islands", "Cook Islands", "Federated States of Micronesia", "Fiji", "French Polynesia", "Guam", "Indonesia", "Japan", "Kiribati", "Laos", "Malaysia", "Marshall Islands", "Nauru", "New Caledonia", "Niue", "Northern Mariana Islands", "Palau", "Papua New Guinea", "Philippines", "Samoa", "Singapore", "Solomon Islands", "Thailand", "Tokelau", "Tonga", "Tuvalu", "Vanuatu", "Vietnam", "Wallis and Futuna"], "WHITE THROATED BEE EATER": ["Angola", "Botswana", "Burundi", "Democratic Republic of the Congo", "Eritrea", "Ethiopia", "Kenya", "Malawi", "Mozambique", "Namibia", "Rwanda", "Somalia", "South Africa", "South Sudan", "Sudan", "Swaziland", "Tanzania", "Uganda", "Zambia", "Zimbabwe"], "WILD TURKEY": ["Canada", "United States"], "WILLOW PTARMIGAN": ["Canada", "Greenland", "Iceland", "Norway", "Russia", "United States"], "WILSONS BIRD OF PARADISE": ["Indonesia"], "WOOD DUCK": ["Canada", "United States"], "WOOD THRUSH": ["Canada", "Costa Rica", "Guatemala", "Honduras", "Mexico", "Nicaragua", "Panama", "United States"], "WOODLAND KINGFISHER": ["Angola", "Benin", "Botswana", "Burundi", "Cameroon", "Central African Republic", "Chad", "Comoros", "Congo", "Democratic Republic of the Congo", "Djibouti", "Equatorial Guinea", "Eritrea", "Ethiopia", "Gabon", "Gambia", "Ghana", "Guinea", "Guinea-Bissau", "Ivory Coast", "Kenya", "Lesotho", "Liberia", "Madagascar", "Malawi", "Mali", "Mauritania", "Mauritius", "Mayotte", "Mozambique", "Namibia", "Niger", "Nigeria", "Reunion", "Rwanda", "Saint Helena, Ascension and Tristan da Cunha", "Sao Tome and Principe", "Senegal", "Seychelles", "Sierra Leone", "Somalia", "South Africa", "South Sudan", "Sudan", "Swaziland", "Tanzania", "Togo", "Uganda", "Zambia", "Zimbabwe"], "WRENTIT": ["United States"], "YELLOW BELLIED FLOWERPECKER": ["Bangladesh", "Bhutan", "China", "India", "Laos", "Myanmar", "Nepal", "Thailand", "Vietnam"], "YELLOW BREASTED CHAT": ["Canada", "Mexico", "United States"], "YELLOW CACIQUE": ["Belize", "Bolivia", "Brazil", "Colombia", "Costa Rica", "Ecuador", "Guatemala", "Honduras", "Mexico", "Nicaragua", "Panama", "Peru", "United States", "Venezuela"], "YELLOW HEADED BLACKBIRD": ["Canada", "Mexico", "United States"], "ZEBRA DOVE": ["Brunei", "Indonesia", "Malaysia", "Singapore", "Thailand"]}